Variants,HD,Count input,Count selected,log_fitness,mutant,num_mut
VDGV,0,92735,338346,0.0,WT,0
ADGV,1,34,43,-2.782079117919349,V38A,1
CDGV,1,850,641,-1.4178375455861465,V38C,1
DDGV,1,63,63,-5.040256193265774,V38D,1
EDGV,1,841,190,-3.4197936758707663,V38E,1
FDGV,1,136,161,-0.9752429441972812,V38F,1
GDGV,1,859,155,-4.791752085166474,V38G,1
HDGV,1,452,60,-3.6313712503465054,V38H,1
IDGV,1,405,1460,0.3687354825780899,V38I,1
KDGV,1,2585,323,-3.9040222966258336,V38K,1
LDGV,1,937,3230,0.5248253017671335,V38L,1
MDGV,1,547,1136,0.1574736238711715,V38M,1
NDGV,1,512,33,-4.454348240253953,V38N,1
PDGV,1,263,7,-4.716499591188128,V38P,1
QDGV,1,2503,435,-2.276211766765185,V38Q,1
RDGV,1,5627,570,-4.062737528941537,V38R,1
SDGV,1,841,87,-3.372256955041431,V38S,1
TDGV,1,66,75,-1.4001835671267158,V38T,1
VAGV,1,173,1108,0.8759867265076847,D39A,1
VCGV,1,378,1981,0.6087798587916756,D39C,1
VDAV,1,139,93,-2.115473966191248,G40A,1
VDCV,1,69,57,-2.801603694783505,G40C,1
VDDV,1,115,29,-5.123727791297866,G40D,1
VDEV,1,53,0,-5.046070883875917,G40E,1
VDFV,1,111,57,-2.702732952756414,G40F,1
VDGA,1,825,5942,0.3169612237014275,V53A,1
VDGC,1,230,1191,0.3463772382999291,V53C,1
VDGD,1,38,22,-3.456435573250652,V53D,1
VDGE,1,262,25,-3.343670324112983,V53E,1
VDGF,1,260,568,-0.1974901881973409,V53F,1
VDGG,1,395,2015,-1.3249340626857538,V53G,1
VDGH,1,447,177,-1.821147357996139,V53H,1
VDGI,1,308,294,-0.975231533518037,V53I,1
VDGK,1,234,18,-4.872352227327453,V53K,1
VDGL,1,977,1150,-0.9663403315496408,V53L,1
VDGM,1,240,578,-0.5350348942683045,V53M,1
VDGN,1,286,225,-1.4912458049034707,V53N,1
VDGP,1,812,168,-4.885387522370424,V53P,1
VDGQ,1,330,108,-2.085044215385897,V53Q,1
VDGR,1,803,32,-5.088450846222931,V53R,1
VDGS,1,896,1602,-0.701663638859877,V53S,1
VDGT,1,805,2247,-0.4858257656974187,V53T,1
VDGW,1,180,270,-0.3566814739600529,V53W,1
VDGY,1,291,69,-3.556930282541241,V53Y,1
VDHV,1,22,0,-5.4382672565842505,G40H,1
VDIV,1,104,0,-5.676929757747539,G40I,1
VDKV,1,31,0,-5.502789567473458,G40K,1
VDLV,1,96,10,-4.628432569344071,G40L,1
VDMV,1,46,4,-4.334355877759414,G40M,1
VDNV,1,104,0,-5.159215119985189,G40N,1
VDPV,1,60,0,-5.317558087743023,G40P,1
VDQV,1,14,0,-5.477593565156031,G40Q,1
VDRV,1,95,9,-5.437019590623031,G40R,1
VDSV,1,190,57,-4.276996501586367,G40S,1
VDTV,1,101,1,-5.495050756712973,G40T,1
VDVV,1,226,57,-4.135877621989338,G40V,1
VDWV,1,31,0,-4.89002452691046,G40W,1
VDYV,1,77,5,-4.289303507497191,G40Y,1
VEGV,1,213,423,-0.1497413074138147,D39E,1
VFGV,1,1802,21922,1.1166318406285738,D39F,1
VGGV,1,247,480,-0.1461525939589092,D39G,1
VHGV,1,335,3533,1.1253080344598974,D39H,1
VIGV,1,941,6374,0.5831723302157485,D39I,1
VKGV,1,1100,5292,0.1291710783809529,D39K,1
VLGV,1,2563,6908,-0.0972763243002747,D39L,1
VMGV,1,1052,3460,0.0894098982364207,D39M,1
VNGV,1,1177,8020,0.589409125223484,D39N,1
VPGV,1,341,370,-0.9108903924913052,D39P,1
VQGV,1,250,856,0.1078616593884717,D39Q,1
VRGV,1,1000,5769,0.4980270598392775,D39R,1
VSGV,1,1312,10148,0.7717704320512835,D39S,1
VTGV,1,600,2169,0.1531204604763505,D39T,1
VVGV,1,292,1800,0.666632691710435,D39V,1
VWGV,1,425,5441,1.3613510358287162,D39W,1
VYGV,1,905,12409,1.3587846889091428,D39Y,1
WDGV,1,5135,398,-4.566242881259468,V38W,1
YDGV,1,917,380,-2.6307765282849034,V38Y,1
