mutant,bind_lib1,bind_lib2,log_fitness,category_2class
WT,0.0,0.0,0.0,0
N331A,-0.05,-0.02,-0.03,0
N331C,-0.08,-0.1,-0.09,0
N331D,0.0,0.07,0.03,1
N331E,0.02,-0.02,0.0,0
N331F,-0.03,-0.16,-0.1,0
N331G,-0.06,-0.02,-0.04,0
N331H,0.01,-0.05,-0.02,0
N331I,-0.06,-0.08,-0.07,0
N331K,-0.01,-0.01,-0.01,0
N331L,-0.08,-0.01,-0.05,0
N331M,-0.01,-0.03,-0.02,0
N331P,-0.12,0.05,-0.03,0
N331Q,0.01,0.0,0.01,1
N331R,-0.02,-0.02,-0.02,0
N331S,-0.05,0.0,-0.03,0
N331T,0.06,0.06,0.06,1
N331V,-0.04,-0.04,-0.04,0
N331W,-0.14,-0.18,-0.16,0
N331Y,-0.02,-0.1,-0.06,0
I332A,0.02,-0.02,0.0,0
I332C,-0.02,-0.15,-0.09,0
I332D,-0.01,-0.02,-0.02,0
I332E,0.06,0.1,0.08,1
I332F,-0.33,-0.11,-0.22,0
I332G,-0.15,-0.02,-0.08,0
I332H,0.0,0.09,0.04,1
I332K,-0.08,-0.03,-0.05,0
I332L,0.02,-0.02,0.0,0
I332M,-0.01,0.0,0.0,0
I332N,-0.01,0.01,0.0,0
I332P,0.01,0.11,0.06,1
I332Q,-0.02,-0.02,-0.02,0
I332R,-0.02,0.02,0.0,0
I332S,-0.01,-0.07,-0.04,0
I332T,-0.01,-0.05,-0.03,0
I332V,0.02,-0.03,0.0,0
I332W,-0.03,-0.03,-0.03,0
I332Y,-0.02,-0.04,-0.03,0
T333A,-0.04,0.01,-0.01,0
T333C,-0.12,-0.17,-0.14,0
T333D,0.02,-0.04,-0.01,0
T333E,-0.21,-0.09,-0.15,0
T333F,-0.09,-0.22,-0.15,0
T333G,-0.05,-0.08,-0.07,0
T333H,-0.12,-0.02,-0.07,0
T333I,-0.07,-0.04,-0.06,0
T333K,0.01,-0.02,-0.01,0
T333L,0.04,-0.06,-0.01,0
T333M,-0.04,-0.01,-0.02,0
T333N,-0.08,-0.04,-0.06,0
T333P,0.05,0.02,0.03,1
T333Q,0.0,0.04,0.02,1
T333R,0.04,-0.04,0.0,0
T333S,0.0,-0.16,-0.08,0
T333V,-0.06,-0.03,-0.05,0
T333W,-0.24,-0.19,-0.21,0
T333Y,-0.05,-0.08,-0.07,0
N334A,-0.01,-0.05,-0.03,0
N334C,-0.11,-0.12,-0.11,0
N334D,0.18,-0.05,0.07,1
N334E,0.01,0.01,0.01,1
N334F,-0.25,-0.2,-0.22,0
N334G,-0.03,-0.02,-0.03,0
N334H,0.04,-0.07,-0.02,0
N334I,-0.19,-0.2,-0.2,0
N334K,0.0,-0.05,-0.03,0
N334L,-0.2,-0.2,-0.2,0
N334M,-0.03,-0.07,-0.05,0
N334P,-0.21,-0.15,-0.18,0
N334Q,0.0,0.02,0.01,1
N334R,-0.02,0.03,0.0,0
N334S,-0.05,-0.08,-0.06,0
N334T,-0.04,-0.04,-0.04,0
N334V,-0.06,-0.08,-0.07,0
N334W,-0.25,-0.23,-0.24,0
N334Y,-0.03,-0.15,-0.09,0
L335A,0.03,0.05,0.04,1
L335C,-0.12,-0.11,-0.11,0
L335D,0.04,-0.04,0.0,0
L335E,0.01,0.1,0.06,1
L335F,-0.04,-0.02,-0.03,0
L335G,-0.01,-0.16,-0.08,0
L335H,-0.01,-0.05,-0.03,0
L335I,0.0,-0.04,-0.02,0
L335K,-0.06,0.0,-0.03,0
L335M,0.02,0.0,0.01,1
L335N,0.04,0.01,0.03,1
L335P,0.03,0.09,0.06,1
L335Q,-0.03,0.0,-0.02,0
L335R,-0.02,0.0,-0.01,0
L335S,0.02,0.0,0.01,1
L335T,0.02,0.02,0.02,1
L335V,-0.14,-0.01,-0.08,0
L335W,-0.02,-0.07,-0.05,0
L335Y,0.0,-0.04,-0.02,0
C336A,-0.69,-0.69,-0.69,0
C336D,-0.46,-0.49,-0.48,0
C336E,-0.58,-0.64,-0.61,0
C336F,-0.52,-0.62,-0.57,0
C336G,-0.62,-0.68,-0.65,0
C336H,-0.68,-0.74,-0.71,0
C336I,-0.71,-0.79,-0.75,0
C336K,-0.84,-1.03,-0.93,0
C336L,-0.81,-0.81,-0.81,0
C336M,-0.73,-0.78,-0.75,0
C336N,-0.48,-0.53,-0.51,0
C336P,-0.9,-0.97,-0.93,0
C336Q,-0.65,-0.72,-0.68,0
C336R,-0.98,-1.0,-0.99,0
C336S,-0.7,-0.6,-0.65,0
C336T,-0.55,-0.61,-0.58,0
C336V,-0.63,-0.62,-0.62,0
C336W,-0.82,-0.79,-0.81,0
C336Y,-0.74,-0.66,-0.7,0
P337A,-0.1,-0.08,-0.09,0
P337C,-0.18,-0.19,-0.18,0
P337D,0.01,0.12,0.06,1
P337E,0.04,-0.06,-0.01,0
P337F,-0.39,-0.52,-0.45,0
P337G,-0.14,-0.17,-0.15,0
P337H,-0.07,-0.11,-0.09,0
P337I,-0.5,-0.59,-0.54,0
P337K,-0.03,-0.06,-0.05,0
P337L,-0.22,-0.31,-0.27,0
P337M,-0.17,-0.21,-0.19,0
P337N,-0.09,0.03,-0.03,0
P337Q,0.01,-0.43,-0.21,0
P337R,-0.16,-0.12,-0.14,0
P337S,-0.1,-0.1,-0.1,0
P337T,-0.13,-0.14,-0.13,0
P337V,-0.38,-0.41,-0.4,0
P337W,-0.42,-0.38,-0.4,0
P337Y,-0.25,-0.26,-0.26,0
F338A,-0.88,-1.06,-0.97,0
F338C,-0.92,-0.99,-0.95,0
F338D,-1.07,-1.15,-1.11,0
F338E,-0.88,-1.2,-1.04,0
F338G,-0.99,-1.17,-1.08,0
F338H,-0.89,-1.06,-0.97,0
F338I,-0.17,-0.14,-0.15,0
F338K,-1.52,-1.45,-1.49,0
F338L,-0.02,-0.04,-0.03,0
F338M,-0.17,-0.14,-0.15,0
F338N,-1.04,-1.22,-1.13,0
F338P,-0.95,-0.91,-0.93,0
F338Q,-0.96,-1.12,-1.04,0
F338R,-1.53,-1.8,-1.66,0
F338S,-0.98,-1.08,-1.03,0
F338T,-0.94,-0.92,-0.93,0
F338V,-0.53,-0.56,-0.55,0
F338W,0.05,0.04,0.04,1
F338Y,-0.05,-0.04,-0.05,0
G339A,0.0,-0.01,0.0,0
G339C,-0.35,-0.4,-0.37,0
G339D,0.04,0.07,0.06,1
G339E,-0.04,-0.02,-0.03,0
G339F,-0.1,-0.12,-0.11,0
G339H,-0.02,0.05,0.01,1
G339I,-0.19,-0.22,-0.21,0
G339K,-0.16,-0.06,-0.11,0
G339L,-0.2,-0.25,-0.22,0
G339M,-0.15,-0.15,-0.15,0
G339N,0.01,0.02,0.02,1
G339P,-0.14,-0.14,-0.14,0
G339Q,-0.03,-0.06,-0.05,0
G339R,-0.06,-0.13,-0.1,0
G339S,-0.01,0.05,0.02,1
G339T,-0.04,-0.06,-0.05,0
G339V,-0.14,-0.21,-0.18,0
G339W,-0.06,-0.12,-0.09,0
G339Y,-0.01,-0.05,-0.03,0
E340A,-0.09,-0.1,-0.09,0
E340C,-0.46,-0.42,-0.44,0
E340D,0.02,-0.01,0.01,1
E340F,-0.62,-0.66,-0.64,0
E340G,-0.29,-0.25,-0.27,0
E340H,-0.19,-0.36,-0.27,0
E340I,-0.4,-0.38,-0.39,0
E340K,-0.11,-0.12,-0.11,0
E340L,-0.21,-0.2,-0.21,0
E340M,-0.19,-0.17,-0.18,0
E340N,-0.29,-0.16,-0.23,0
E340P,-0.25,-0.17,-0.21,0
E340Q,-0.03,-0.08,-0.05,0
E340R,-0.27,-0.28,-0.28,0
E340S,-0.11,-0.1,-0.1,0
E340T,-0.15,-0.2,-0.18,0
E340V,-0.23,-0.28,-0.26,0
E340W,-0.55,-0.7,-0.63,0
E340Y,-0.52,-0.58,-0.55,0
V341A,-0.81,-0.91,-0.86,0
V341C,-0.78,-0.98,-0.88,0
V341D,-0.76,-1.12,-0.94,0
V341E,-0.91,-1.03,-0.97,0
V341F,-0.57,-0.46,-0.51,0
V341G,-1.02,-1.09,-1.06,0
V341H,-1.05,-0.92,-0.99,0
V341I,0.03,0.01,0.02,1
V341K,-1.97,-1.36,-1.67,0
V341L,-0.12,-0.17,-0.15,0
V341M,-0.49,-0.55,-0.52,0
V341N,-0.94,-1.11,-1.02,0
V341P,-0.86,-1.01,-0.93,0
V341Q,-0.94,-1.0,-0.97,0
V341R,-1.21,-1.53,-1.37,0
V341S,-0.83,-0.92,-0.87,0
V341T,-0.63,-0.54,-0.59,0
V341W,-0.55,-0.38,-0.47,0
V341Y,-0.6,-0.71,-0.65,0
F342A,-0.78,-1.2,-0.99,0
F342C,-0.88,-1.14,-1.01,0
F342D,-1.46,-1.64,-1.55,0
F342E,-1.46,-1.57,-1.51,0
F342G,-1.28,-1.54,-1.41,0
F342H,-1.4,-1.68,-1.54,0
F342I,-0.12,-0.18,-0.15,0
F342K,-0.78,-1.36,-1.07,0
F342L,-0.29,-0.27,-0.28,0
F342M,-0.26,-0.34,-0.3,0
F342N,-1.5,-1.7,-1.6,0
F342P,-1.69,-1.89,-1.79,0
F342Q,-1.21,-1.49,-1.35,0
F342R,-1.34,-1.11,-1.22,0
F342S,-1.21,-1.47,-1.34,0
F342T,-0.82,-0.75,-0.78,0
F342V,-0.37,-0.38,-0.38,0
F342W,-0.74,-0.72,-0.73,0
F342Y,-0.79,-1.0,-0.89,0
N343A,-0.36,-0.41,-0.38,0
N343C,-0.76,-0.75,-0.76,0
N343D,-0.37,-0.37,-0.37,0
N343E,-0.27,-0.23,-0.25,0
N343F,-0.39,-0.51,-0.45,0
N343G,-0.18,-0.23,-0.2,0
N343H,-0.26,-0.36,-0.31,0
N343I,-0.92,-0.99,-0.96,0
N343K,-0.34,-0.28,-0.31,0
N343L,-0.6,-0.57,-0.58,0
N343M,-0.42,-0.56,-0.49,0
N343P,-1.42,-1.52,-1.47,0
N343Q,-0.34,-0.24,-0.29,0
N343R,-0.38,-0.45,-0.42,0
N343S,-0.34,-0.31,-0.32,0
N343T,-0.35,-0.35,-0.35,0
N343V,-0.72,-0.92,-0.82,0
N343W,-0.46,-0.54,-0.5,0
N343Y,-0.48,-0.44,-0.46,0
A344C,-0.39,-0.4,-0.4,0
A344D,-0.36,-0.46,-0.41,0
A344E,-0.24,-0.28,-0.26,0
A344F,-0.69,-0.98,-0.83,0
A344G,-0.29,-0.35,-0.32,0
A344H,-0.42,-0.5,-0.46,0
A344I,-0.46,-0.36,-0.41,0
A344K,-0.08,-0.13,-0.1,0
A344L,-0.6,-0.64,-0.62,0
A344M,-0.43,-0.43,-0.43,0
A344N,-0.13,-0.15,-0.14,0
A344P,-0.64,-0.84,-0.74,0
A344Q,-0.12,-0.08,-0.1,0
A344R,-0.12,-0.23,-0.17,0
A344S,-0.15,-0.13,-0.14,0
A344T,-0.35,-0.38,-0.37,0
A344V,-0.43,-0.49,-0.46,0
A344W,-0.86,-0.98,-0.92,0
A344Y,-0.74,-0.88,-0.81,0
T345A,-0.11,-0.13,-0.12,0
T345C,-0.58,-0.69,-0.64,0
T345D,-0.11,-0.12,-0.12,0
T345E,-0.06,-0.11,-0.09,0
T345F,-0.55,-0.61,-0.58,0
T345G,-0.32,-0.39,-0.35,0
T345H,-0.26,-0.26,-0.26,0
T345I,-0.43,-0.41,-0.42,0
T345K,-0.06,-0.07,-0.07,0
T345L,-0.21,-0.28,-0.25,0
T345M,-0.35,-0.39,-0.37,0
T345N,-0.18,-0.23,-0.21,0
T345P,-0.08,-0.04,-0.06,0
T345Q,-0.14,-0.15,-0.15,0
T345R,-0.12,-0.14,-0.13,0
T345S,-0.03,-0.02,-0.02,0
T345V,-0.24,-0.31,-0.28,0
T345W,-0.59,-0.65,-0.62,0
T345Y,-0.44,-0.53,-0.48,0
R346A,0.04,-0.07,-0.02,0
R346C,-0.1,-0.14,-0.12,0
R346D,-0.02,0.04,0.01,1
R346E,0.0,0.01,0.0,0
R346F,-0.03,-0.02,-0.02,0
R346G,-0.08,-0.14,-0.11,0
R346H,0.15,0.02,0.08,1
R346I,0.04,-0.05,-0.01,0
R346K,-0.04,0.02,-0.01,0
R346L,-0.05,-0.03,-0.04,0
R346M,0.0,-0.04,-0.02,0
R346N,0.08,-0.02,0.03,1
R346P,-0.38,-0.37,-0.38,0
R346Q,-0.02,0.0,-0.01,0
R346S,0.07,0.02,0.04,1
R346T,0.06,0.06,0.06,1
R346V,0.08,0.04,0.06,1
R346W,-0.18,0.06,-0.06,0
R346Y,0.07,0.07,0.07,1
F347A,-0.81,-0.93,-0.87,0
F347C,-0.86,-1.14,-1.0,0
F347D,-1.95,-4.31,-3.13,0
F347E,-1.48,-1.46,-1.47,0
F347G,-0.91,-1.04,-0.98,0
F347H,-1.25,-0.19,-0.72,0
F347I,-0.76,-0.81,-0.79,0
F347K,-1.69,-1.52,-1.6,0
F347L,-0.82,-0.93,-0.87,0
F347M,-0.43,-0.44,-0.43,0
F347N,-1.72,-2.58,-2.15,0
F347P,-0.68,-0.82,-0.75,0
F347Q,-1.01,-1.06,-1.04,0
F347R,-0.98,-1.37,-1.17,0
F347S,-0.86,-0.91,-0.89,0
F347T,-0.97,-1.19,-1.08,0
F347V,-0.66,-0.78,-0.72,0
F347W,0.0,0.01,0.0,0
F347Y,-0.25,-0.39,-0.32,0
A348C,-0.23,-0.28,-0.26,0
A348D,-0.07,-0.08,-0.07,0
A348E,-0.16,-0.11,-0.13,0
A348F,-0.29,-0.3,-0.29,0
A348G,-0.12,-0.09,-0.1,0
A348H,0.02,-0.02,0.0,0
A348I,-0.83,-1.14,-0.99,0
A348K,-0.2,-0.26,-0.23,0
A348L,-0.58,-0.68,-0.63,0
A348M,-0.34,-0.27,-0.3,0
A348N,0.03,-0.03,0.0,0
A348P,-0.15,0.02,-0.06,0
A348Q,-0.14,-0.09,-0.12,0
A348R,-0.2,-0.28,-0.24,0
A348S,0.0,0.02,0.01,1
A348T,-0.19,-0.17,-0.18,0
A348V,-0.55,-0.42,-0.49,0
A348W,-0.44,-0.48,-0.46,0
A348Y,-0.1,-0.11,-0.1,0
S349A,-0.35,-0.32,-0.34,0
S349C,0.0,-0.24,-0.12,0
S349D,-0.48,-0.52,-0.5,0
S349E,-1.08,-1.23,-1.15,0
S349F,-1.96,-2.11,-2.03,0
S349G,-0.52,-0.66,-0.59,0
S349H,-1.0,-0.45,-0.72,0
S349I,-4.53,-3.97,-4.25,0
S349K,-0.84,-0.91,-0.87,0
S349L,-1.9,-1.93,-1.91,0
S349M,-0.77,-0.98,-0.87,0
S349N,-0.18,-0.34,-0.26,0
S349P,-0.11,-0.11,-0.11,0
S349Q,-0.8,-0.85,-0.83,0
S349R,-0.87,-1.05,-0.96,0
S349T,-0.72,-0.8,-0.76,0
S349V,-1.9,-1.94,-1.92,0
S349W,-2.19,-1.61,-1.9,0
S349Y,-1.72,-1.87,-1.8,0
V350A,-0.33,-0.47,-0.4,0
V350C,-2.38,-0.58,-1.48,0
V350D,-4.76,-4.84,-4.8,0
V350E,-4.5,-4.67,-4.59,0
V350G,-1.92,-1.88,-1.9,0
V350H,-4.76,-4.84,-4.8,0
V350I,-0.45,-0.02,-0.23,0
V350K,-4.76,-4.84,-4.8,0
V350L,-1.7,-1.67,-1.69,0
V350M,-4.11,-2.96,-3.54,0
V350N,-3.3,-1.58,-2.44,0
V350P,-0.1,-0.33,-0.22,0
V350Q,-3.35,-4.84,-4.1,0
V350R,-4.76,-4.84,-4.8,0
V350S,-0.91,-0.97,-0.94,0
V350T,-0.8,-0.8,-0.8,0
V350W,-4.68,-4.73,-4.71,0
V350Y,-4.15,-4.13,-4.14,0
Y351A,-1.16,-0.57,-0.87,0
Y351C,-0.58,-0.61,-0.6,0
Y351D,-2.25,-3.19,-2.72,0
Y351E,-1.32,-1.68,-1.5,0
Y351F,-0.12,-0.05,-0.08,0
Y351G,-1.81,-1.49,-1.65,0
Y351H,-0.31,-0.23,-0.27,0
Y351I,-0.76,-0.82,-0.79,0
Y351K,-2.5,-2.49,-2.5,0
Y351L,-0.95,-0.9,-0.92,0
Y351M,-0.55,-0.6,-0.58,0
Y351N,-0.84,-0.7,-0.77,0
Y351P,-0.57,-1.06,-0.81,0
Y351Q,-1.11,-0.9,-1.01,0
Y351R,-3.12,-2.83,-2.97,0
Y351S,-0.64,-0.77,-0.71,0
Y351T,-0.64,-1.0,-0.82,0
Y351V,-0.19,-0.38,-0.29,0
Y351W,-0.26,-0.12,-0.19,0
A352C,-0.12,-0.1,-0.11,0
A352D,-0.05,-0.01,-0.03,0
A352E,-0.01,-0.05,-0.03,0
A352F,-0.32,-0.26,-0.29,0
A352G,-0.2,-0.18,-0.19,0
A352H,-0.02,-0.1,-0.06,0
A352I,-0.51,-0.47,-0.49,0
A352K,-0.03,-0.12,-0.08,0
A352L,-0.29,-0.34,-0.31,0
A352M,0.01,-0.06,-0.02,0
A352N,-0.05,-0.04,-0.04,0
A352P,-3.05,-3.38,-3.21,0
A352Q,0.04,-0.1,-0.03,0
A352R,-0.04,-0.05,-0.05,0
A352S,-0.03,-0.08,-0.06,0
A352T,-0.2,-0.34,-0.27,0
A352V,-0.48,-0.55,-0.52,0
A352W,-0.42,-0.46,-0.44,0
A352Y,-0.12,-0.16,-0.14,0
W353A,-1.7,-0.98,-1.34,0
W353C,-1.31,-1.13,-1.22,0
W353D,-1.83,-2.94,-2.39,0
W353E,-1.78,-1.88,-1.83,0
W353F,-0.04,-0.12,-0.08,0
W353G,-1.88,-2.46,-2.17,0
W353H,-0.59,-1.3,-0.95,0
W353I,-2.34,-2.97,-2.65,0
W353K,-2.09,-2.83,-2.46,0
W353L,-2.59,-1.71,-2.15,0
W353M,-2.77,-0.59,-1.68,0
W353N,-4.11,-1.25,-2.68,0
W353P,-0.5,-0.73,-0.62,0
W353Q,-1.2,-1.52,-1.36,0
W353R,-1.67,-1.56,-1.62,0
W353S,-0.82,-1.13,-0.98,0
W353T,-1.68,-3.81,-2.75,0
W353V,-1.17,-1.35,-1.26,0
W353Y,-0.3,-0.27,-0.28,0
N354A,-0.03,-0.05,-0.04,0
N354C,-0.23,-0.35,-0.29,0
N354D,-0.09,0.01,-0.04,0
N354E,0.0,0.01,0.0,0
N354F,-0.58,-0.57,-0.57,0
N354G,-0.04,-0.07,-0.06,0
N354H,-0.09,-0.05,-0.07,0
N354I,-0.4,-0.37,-0.39,0
N354K,0.02,0.04,0.03,1
N354L,-0.56,-0.56,-0.56,0
N354M,-0.2,-0.25,-0.23,0
N354P,-0.99,-0.82,-0.9,0
N354Q,0.0,0.0,0.0,0
N354R,0.0,0.1,0.05,1
N354S,0.04,0.05,0.04,1
N354T,0.04,0.0,0.02,1
N354V,-0.14,-0.19,-0.16,0
N354W,-0.84,-1.26,-1.05,0
N354Y,-0.34,-0.43,-0.38,0
R355A,-1.43,-1.66,-1.54,0
R355C,-1.88,-1.89,-1.88,0
R355D,-3.26,-4.53,-3.89,0
R355E,-1.49,-1.04,-1.27,0
R355F,-2.76,-3.26,-3.01,0
R355G,-2.21,-2.1,-2.15,0
R355H,-0.26,-0.49,-0.38,0
R355I,-3.16,-3.52,-3.34,0
R355K,-1.03,-1.13,-1.08,0
R355L,-4.33,-4.32,-4.33,0
R355M,-2.2,-2.01,-2.1,0
R355N,-1.3,-1.47,-1.38,0
R355P,-3.98,-2.83,-3.41,0
R355Q,-0.67,-1.03,-0.85,0
R355S,-0.55,-0.81,-0.68,0
R355T,-0.56,-0.71,-0.64,0
R355V,-1.98,-2.78,-2.38,0
R355W,-1.68,-2.29,-1.98,0
R355Y,-2.24,-3.75,-3.0,0
K356A,-0.15,-0.12,-0.14,0
K356C,-0.18,-0.21,-0.2,0
K356D,-0.31,-0.47,-0.39,0
K356E,-0.07,-0.35,-0.21,0
K356F,-0.14,-0.16,-0.15,0
K356G,-0.82,-0.98,-0.9,0
K356H,-0.12,-0.16,-0.14,0
K356I,-0.02,-0.06,-0.04,0
K356L,-0.1,-0.04,-0.07,0
K356M,-0.01,-0.03,-0.02,0
K356N,-0.29,-0.26,-0.28,0
K356P,-4.35,-4.05,-4.2,0
K356Q,-0.05,-0.19,-0.12,0
K356R,0.01,0.05,0.03,1
K356S,-0.18,-0.12,-0.15,0
K356T,-0.02,0.1,0.04,1
K356V,0.01,0.0,0.01,1
K356W,-0.35,-0.5,-0.42,0
K356Y,-0.15,-0.08,-0.12,0
R357A,0.02,-0.05,-0.01,0
R357C,-0.01,-0.07,-0.04,0
R357D,0.02,-0.13,-0.06,0
R357E,0.03,-0.02,0.01,1
R357F,-0.18,-0.09,-0.14,0
R357G,-0.38,-0.46,-0.42,0
R357H,-0.14,-0.01,-0.08,0
R357I,0.0,-0.08,-0.04,0
R357K,0.05,0.04,0.05,1
R357L,-0.06,-0.07,-0.06,0
R357M,-0.01,-0.12,-0.07,0
R357N,0.0,-0.05,-0.03,0
R357P,-0.12,-0.25,-0.19,0
R357Q,-0.05,-0.04,-0.05,0
R357S,-0.04,-0.08,-0.06,0
R357T,-0.09,-0.04,-0.07,0
R357V,0.03,-0.01,0.01,1
R357W,-0.09,-0.2,-0.15,0
R357Y,-0.04,-0.08,-0.06,0
I358A,-0.74,-0.66,-0.7,0
I358C,-0.36,-0.45,-0.41,0
I358D,-1.94,-1.67,-1.81,0
I358E,-0.99,-1.17,-1.08,0
I358F,0.18,0.01,0.1,1
I358G,-0.63,-0.86,-0.74,0
I358H,-0.54,-0.74,-0.64,0
I358K,-1.15,-1.34,-1.25,0
I358L,-0.03,0.02,0.0,0
I358M,0.02,-0.04,-0.01,0
I358N,-0.84,-0.98,-0.91,0
I358P,-2.43,-1.93,-2.18,0
I358Q,-0.87,-1.0,-0.93,0
I358R,-1.2,-1.39,-1.3,0
I358S,-0.72,-0.83,-0.78,0
I358T,-0.74,-0.92,-0.83,0
I358V,-0.15,-0.13,-0.14,0
I358W,0.11,0.04,0.07,1
I358Y,-0.04,0.02,-0.01,0
S359A,-0.07,0.04,-0.02,0
S359C,-0.04,-0.05,-0.05,0
S359D,-0.04,0.03,-0.01,0
S359E,-0.02,-0.24,-0.13,0
S359F,-0.04,-0.12,-0.08,0
S359G,-0.12,-0.03,-0.08,0
S359H,-0.04,0.02,-0.01,0
S359I,-0.16,-0.14,-0.15,0
S359K,-0.04,-0.07,-0.06,0
S359L,-0.25,-0.34,-0.29,0
S359M,-0.14,-0.18,-0.16,0
S359N,0.1,-0.02,0.04,1
S359P,-0.12,-0.21,-0.16,0
S359Q,0.18,-0.02,0.08,1
S359R,0.02,-0.08,-0.03,0
S359T,-0.07,0.03,-0.02,0
S359V,0.0,-0.14,-0.07,0
S359W,-0.06,-0.15,-0.1,0
S359Y,-0.07,-0.08,-0.08,0
N360A,-0.1,-0.37,-0.23,0
N360C,-0.24,-0.3,-0.27,0
N360D,-0.02,-0.03,-0.03,0
N360E,-0.16,-0.09,-0.13,0
N360F,-0.22,-0.34,-0.28,0
N360G,-0.05,0.03,-0.01,0
N360H,-0.03,-0.04,-0.04,0
N360I,-0.58,-0.84,-0.71,0
N360K,-0.11,-0.14,-0.12,0
N360L,-0.4,-0.79,-0.59,0
N360M,-0.48,-0.29,-0.38,0
N360P,-0.02,-0.05,-0.04,0
N360Q,-0.09,-0.26,-0.18,0
N360R,-0.14,-0.23,-0.19,0
N360S,-0.18,-0.14,-0.16,0
N360T,-0.34,-0.36,-0.35,0
N360V,-0.73,-0.76,-0.75,0
N360W,-0.2,-0.31,-0.25,0
N360Y,-0.29,-0.37,-0.33,0
C361A,-0.55,-0.63,-0.59,0
C361D,-1.14,-0.58,-0.86,0
C361E,-0.57,-0.59,-0.58,0
C361F,-0.55,-0.62,-0.59,0
C361G,-0.71,-0.73,-0.72,0
C361H,-0.54,-0.84,-0.69,0
C361I,-0.68,-0.63,-0.66,0
C361K,-0.62,-0.62,-0.62,0
C361L,-0.68,-0.72,-0.7,0
C361M,-0.67,-0.67,-0.67,0
C361N,-0.52,-0.66,-0.59,0
C361P,-0.33,-0.44,-0.38,0
C361Q,-0.52,-0.62,-0.57,0
C361R,-0.66,-0.64,-0.66,0
C361S,-0.6,-0.62,-0.61,0
C361T,-0.62,-0.61,-0.61,0
C361V,-0.51,-0.66,-0.58,0
C361W,-0.63,-0.77,-0.7,0
C361Y,-0.56,-0.72,-0.64,0
V362A,-0.04,-0.14,-0.09,0
V362C,-0.07,-0.12,-0.09,0
V362D,-0.15,-0.22,-0.18,0
V362E,-0.04,-0.05,-0.05,0
V362F,0.06,-0.07,-0.01,0
V362G,-0.21,-0.21,-0.21,0
V362H,-0.05,-0.04,-0.05,0
V362I,0.0,0.09,0.04,1
V362K,-0.03,-0.02,-0.02,0
V362L,-0.02,-0.04,-0.03,0
V362M,0.09,-0.03,0.03,1
V362N,-0.05,-0.15,-0.1,0
V362P,-0.55,-0.47,-0.51,0
V362Q,-0.06,0.0,-0.03,0
V362R,0.02,-0.02,0.0,0
V362S,-0.09,-0.12,-0.1,0
V362T,0.16,-0.01,0.08,1
V362W,0.0,0.0,0.0,0
V362Y,-0.01,0.0,0.0,0
A363C,-0.07,-0.12,-0.09,0
A363D,-0.63,-0.68,-0.66,0
A363E,-0.41,-0.53,-0.47,0
A363F,-0.1,-0.15,-0.12,0
A363G,-0.15,-0.12,-0.13,0
A363H,-0.21,-0.2,-0.21,0
A363I,-0.19,-0.3,-0.25,0
A363K,-0.5,-0.58,-0.54,0
A363L,-0.04,-0.08,-0.06,0
A363M,-0.14,-0.15,-0.14,0
A363N,-0.48,-0.37,-0.43,0
A363P,-0.13,-0.18,-0.15,0
A363Q,-0.07,0.03,-0.02,0
A363R,-0.53,-0.59,-0.56,0
A363S,-0.17,-0.21,-0.19,0
A363T,-0.21,-0.15,-0.18,0
A363V,-0.11,-0.15,-0.13,0
A363W,0.08,0.04,0.06,1
A363Y,-0.15,-0.2,-0.17,0
D364A,-0.62,-0.63,-0.62,0
D364C,-0.55,-0.36,-0.46,0
D364E,-0.24,-0.36,-0.3,0
D364F,-0.7,-0.83,-0.77,0
D364G,-0.64,-0.59,-0.62,0
D364H,-0.47,-0.52,-0.5,0
D364I,-0.68,-0.69,-0.69,0
D364K,-0.44,-0.46,-0.45,0
D364L,-1.0,-0.81,-0.91,0
D364M,-0.76,-0.87,-0.82,0
D364N,-0.22,-0.22,-0.22,0
D364P,-0.52,-0.62,-0.57,0
D364Q,-0.52,-0.41,-0.46,0
D364R,-0.56,-0.6,-0.58,0
D364S,-0.35,-0.42,-0.39,0
D364T,-0.56,-0.59,-0.57,0
D364V,-0.63,-0.65,-0.64,0
D364W,-0.55,-0.68,-0.62,0
D364Y,-0.56,-0.55,-0.55,0
Y365A,-0.31,-0.28,-0.29,0
Y365C,-0.4,-0.5,-0.45,0
Y365D,-0.58,-0.77,-0.68,0
Y365E,-0.57,-0.65,-0.61,0
Y365F,-0.06,0.05,0.0,0
Y365G,-0.37,-0.38,-0.37,0
Y365H,-0.52,-0.58,-0.55,0
Y365I,-0.05,-0.04,-0.05,0
Y365K,-0.61,-0.6,-0.6,0
Y365L,0.01,-0.02,0.0,0
Y365M,0.01,0.04,0.03,1
Y365N,-0.55,-0.55,-0.55,0
Y365P,-0.34,-0.41,-0.38,0
Y365Q,-0.54,-0.67,-0.6,0
Y365R,-0.57,-0.66,-0.61,0
Y365S,-0.44,-0.4,-0.42,0
Y365T,-0.35,-0.31,-0.33,0
Y365V,-0.05,-0.16,-0.11,0
S366A,-0.02,-0.04,-0.03,0
S366C,-0.39,-0.38,-0.38,0
S366D,0.01,0.09,0.05,1
S366E,0.0,0.04,0.02,1
S366F,-0.18,-0.28,-0.23,0
S366G,0.05,-0.06,0.0,0
S366H,0.13,-0.07,0.03,1
S366I,-0.07,-0.11,-0.09,0
S366K,0.0,0.0,0.0,0
S366L,-0.04,-0.13,-0.08,0
S366M,0.0,-0.04,-0.02,0
S366N,0.04,0.12,0.08,1
S366P,-0.4,-0.46,-0.43,0
S366Q,-0.06,0.08,0.01,1
S366R,0.01,-0.04,-0.01,0
S366T,0.0,-0.01,-0.01,0
S366V,0.0,-0.1,-0.05,0
S366W,-0.12,-0.12,-0.12,0
S366Y,-0.2,-0.26,-0.23,0
V367A,0.12,0.11,0.11,1
V367C,-0.06,-0.12,-0.09,0
V367D,-0.09,-0.01,-0.05,0
V367E,0.02,0.03,0.02,1
V367G,-0.03,-0.05,-0.04,0
V367H,0.05,-0.02,0.02,1
V367I,-0.01,-0.04,-0.03,0
V367K,0.05,0.04,0.05,1
V367L,-0.01,0.05,0.02,1
V367M,0.03,0.05,0.04,1
V367N,0.05,-0.01,0.02,1
V367P,0.0,-0.04,-0.02,0
V367Q,0.04,-0.01,0.02,1
V367R,-0.02,-0.05,-0.04,0
V367S,0.03,0.02,0.02,1
V367T,-0.03,0.01,-0.01,0
V367W,0.1,0.18,0.14,1
V367Y,0.02,-0.07,-0.02,0
L368A,-0.86,-0.8,-0.83,0
L368C,-0.97,-0.96,-0.97,0
L368D,-0.84,-1.03,-0.93,0
L368E,-0.91,-1.06,-0.99,0
L368F,0.0,-0.09,-0.05,0
L368G,-0.88,-1.19,-1.03,0
L368H,-0.83,-1.08,-0.96,0
L368I,0.0,-0.08,-0.04,0
L368K,-0.9,-1.14,-1.02,0
L368M,-0.19,-0.12,-0.16,0
L368N,-0.92,-1.07,-0.99,0
L368P,-0.87,-1.05,-0.96,0
L368Q,-0.73,-1.08,-0.9,0
L368R,-0.95,-1.07,-1.01,0
L368S,-0.99,-0.99,-0.99,0
L368T,-0.78,-1.02,-0.9,0
L368V,-0.27,-0.2,-0.24,0
L368W,-0.4,-0.39,-0.4,0
L368Y,-0.46,-0.49,-0.48,0
Y369A,0.02,-0.04,-0.01,0
Y369C,-0.09,-0.1,-0.1,0
Y369D,-0.12,-0.22,-0.17,0
Y369E,-0.04,-0.17,-0.11,0
Y369F,-0.16,0.01,-0.08,0
Y369G,-0.09,-0.1,-0.09,0
Y369H,-0.02,-0.12,-0.07,0
Y369I,0.05,0.04,0.04,1
Y369K,-0.01,-0.07,-0.04,0
Y369L,0.09,0.02,0.05,1
Y369M,0.06,0.06,0.06,1
Y369N,-0.06,-0.13,-0.09,0
Y369P,-0.11,-0.23,-0.17,0
Y369Q,-0.01,0.02,0.01,1
Y369R,-0.03,-0.03,-0.03,0
Y369S,-0.02,-0.03,-0.03,0
Y369T,0.0,0.05,0.02,1
Y369V,-0.04,0.03,0.0,0
Y369W,0.08,-0.18,-0.05,0
N370A,-0.16,-0.05,-0.1,0
N370C,-0.49,-0.46,-0.48,0
N370D,-0.03,-0.04,-0.04,0
N370E,0.0,0.0,0.0,0
N370F,-0.15,-0.31,-0.23,0
N370G,-0.06,-0.01,-0.04,0
N370H,0.02,-0.07,-0.03,0
N370I,-0.58,-0.58,-0.58,0
N370K,-0.05,-0.02,-0.04,0
N370L,-0.16,-0.19,-0.17,0
N370M,-0.12,-0.11,-0.12,0
N370P,-0.06,-0.18,-0.12,0
N370Q,0.05,-0.01,0.02,1
N370R,-0.01,-0.1,-0.05,0
N370S,0.03,-0.07,-0.02,0
N370T,0.03,-0.08,-0.02,0
N370V,-0.4,-0.5,-0.45,0
N370W,-0.41,-0.12,-0.27,0
N370Y,-0.12,-0.16,-0.14,0
S371A,-0.07,-0.11,-0.09,0
S371C,-0.2,-0.33,-0.26,0
S371D,0.04,-0.03,0.01,1
S371E,-0.06,-0.04,-0.05,0
S371F,-0.21,-0.17,-0.19,0
S371G,-0.1,-0.1,-0.1,0
S371H,-0.13,-0.11,-0.12,0
S371I,-0.17,-0.17,-0.17,0
S371K,-0.14,-0.12,-0.13,0
S371L,-0.12,-0.16,-0.14,0
S371M,-0.16,-0.13,-0.14,0
S371N,-0.06,-0.05,-0.05,0
S371P,-0.15,-0.17,-0.16,0
S371Q,-0.11,-0.09,-0.1,0
S371R,-0.09,-0.13,-0.11,0
S371T,-0.04,-0.02,-0.03,0
S371V,-0.16,-0.2,-0.18,0
S371W,-0.08,-0.14,-0.11,0
S371Y,-0.09,-0.15,-0.12,0
A372C,-0.15,-0.22,-0.18,0
A372D,-0.1,-0.09,-0.1,0
A372E,0.0,0.01,0.01,1
A372F,-0.06,-0.12,-0.09,0
A372G,0.0,0.01,0.0,0
A372H,-0.16,-0.11,-0.13,0
A372I,-0.15,-0.12,-0.13,0
A372K,-0.12,0.02,-0.05,0
A372L,-0.19,-0.15,-0.17,0
A372M,-0.07,0.0,-0.04,0
A372N,-0.18,-0.23,-0.2,0
A372P,-0.14,-0.14,-0.14,0
A372Q,-0.16,0.0,-0.08,0
A372R,0.03,0.03,0.03,1
A372S,-0.22,-0.16,-0.19,0
A372T,-0.13,-0.19,-0.16,0
A372V,-0.18,-0.07,-0.12,0
A372W,-0.14,-0.07,-0.1,0
A372Y,-0.19,-0.17,-0.18,0
S373A,-0.02,-0.03,-0.03,0
S373C,-0.05,-0.09,-0.07,0
S373D,-0.05,-0.02,-0.04,0
S373E,-0.03,0.01,-0.01,0
S373F,-0.02,-0.03,-0.02,0
S373G,-0.02,0.0,-0.01,0
S373H,-0.02,0.01,-0.01,0
S373I,-0.04,-0.01,-0.02,0
S373K,-0.06,-0.03,-0.04,0
S373L,0.0,-0.04,-0.02,0
S373M,0.0,0.02,0.01,1
S373N,-1.75,-0.38,-1.06,0
S373P,-0.09,-0.07,-0.08,0
S373Q,0.0,0.1,0.05,1
S373R,-0.02,0.0,-0.01,0
S373T,0.0,0.0,0.0,0
S373V,-0.07,-0.07,-0.07,0
S373W,-0.02,-0.07,-0.04,0
S373Y,-0.01,0.0,-0.01,0
F374A,-0.22,-0.36,-0.29,0
F374C,-0.62,-0.61,-0.61,0
F374D,-0.22,-0.26,-0.24,0
F374E,-0.32,-0.32,-0.32,0
F374G,-0.2,-0.29,-0.24,0
F374H,-0.26,-0.22,-0.24,0
F374I,-0.13,-0.17,-0.15,0
F374K,-0.21,-0.34,-0.28,0
F374L,-0.23,-0.28,-0.25,0
F374M,-0.14,-0.3,-0.22,0
F374N,-0.85,-1.0,-0.92,0
F374P,-0.28,-0.37,-0.33,0
F374Q,-0.29,-0.35,-0.32,0
F374R,-0.34,-0.39,-0.36,0
F374S,-0.33,-0.38,-0.35,0
F374T,-0.29,-0.34,-0.32,0
F374V,-0.34,-0.3,-0.32,0
F374W,0.01,-0.04,-0.02,0
F374Y,-0.07,-0.05,-0.06,0
S375A,-0.14,-0.12,-0.13,0
S375C,-0.46,-0.54,-0.5,0
S375D,-0.04,-0.04,-0.04,0
S375E,-0.15,-0.06,-0.11,0
S375F,-0.56,-0.55,-0.55,0
S375G,-0.2,-0.2,-0.2,0
S375H,-0.12,-0.15,-0.13,0
S375I,-0.67,-0.71,-0.69,0
S375K,-0.18,-0.28,-0.23,0
S375L,-0.56,-0.64,-0.6,0
S375M,-0.4,-0.48,-0.44,0
S375N,-0.08,-0.18,-0.13,0
S375P,-0.31,-0.49,-0.4,0
S375Q,-0.01,-0.06,-0.03,0
S375R,-0.28,-0.46,-0.37,0
S375T,-0.09,-0.04,-0.06,0
S375V,-0.51,-0.59,-0.55,0
S375W,-0.57,-0.49,-0.53,0
S375Y,-0.27,-0.3,-0.29,0
T376A,-0.23,-0.3,-0.26,0
T376C,-0.21,-0.3,-0.25,0
T376D,-1.71,-0.24,-0.98,0
T376E,-0.08,-0.18,-0.13,0
T376F,-0.11,-0.14,-0.12,0
T376G,-0.6,-0.62,-0.61,0
T376H,0.03,-0.06,-0.02,0
T376I,-0.06,-0.08,-0.07,0
T376K,-0.03,-0.12,-0.08,0
T376L,-0.03,-0.06,-0.04,0
T376M,-0.11,-0.02,-0.06,0
T376N,-0.22,-0.17,-0.19,0
T376P,-0.83,-1.19,-1.01,0
T376Q,-0.01,-0.02,-0.01,0
T376R,-0.07,-0.17,-0.12,0
T376S,-0.08,-0.06,-0.07,0
T376V,-0.09,-0.02,-0.06,0
T376W,-0.04,-0.13,-0.09,0
T376Y,-0.02,-0.16,-0.09,0
F377A,-0.54,-0.64,-0.59,0
F377C,-0.36,-0.44,-0.4,0
F377D,-3.48,-4.55,-4.01,0
F377E,-2.14,-2.1,-2.12,0
F377G,-1.49,-2.25,-1.87,0
F377H,-0.64,-0.6,-0.62,0
F377I,-0.18,-0.14,-0.16,0
F377K,-0.7,-0.72,-0.71,0
F377L,-0.15,-0.26,-0.2,0
F377M,-0.12,-1.27,-0.7,0
F377N,-0.8,-0.89,-0.84,0
F377P,0.0,-1.62,-0.81,0
F377Q,-1.76,-0.98,-1.37,0
F377R,-0.57,-0.71,-0.64,0
F377S,-0.82,-0.84,-0.83,0
F377T,-0.44,-0.45,-0.44,0
F377V,-0.12,-0.18,-0.15,0
F377W,-0.05,-0.09,-0.07,0
F377Y,-0.18,-0.31,-0.24,0
K378A,-0.07,-0.12,-0.1,0
K378C,-0.05,-0.23,-0.14,0
K378D,-0.02,-0.05,-0.03,0
K378E,-0.02,-0.05,-0.04,0
K378F,-0.48,-0.53,-0.5,0
K378G,-0.85,-0.94,-0.89,0
K378H,-0.2,-0.14,-0.17,0
K378I,-0.11,-0.11,-0.11,0
K378L,-0.04,-0.08,-0.06,0
K378M,-0.13,-0.12,-0.13,0
K378N,0.01,-0.05,-0.02,0
K378P,-3.2,-4.84,-4.02,0
K378Q,0.01,-0.03,-0.01,0
K378R,0.03,0.13,0.08,1
K378S,-0.11,-0.12,-0.11,0
K378T,-0.05,-0.28,-0.16,0
K378V,-0.1,-0.09,-0.09,0
K378W,-0.51,-0.69,-0.6,0
K378Y,-0.36,-0.48,-0.42,0
C379A,-1.08,-1.81,-1.44,0
C379D,-4.76,-4.82,-4.79,0
C379E,-4.15,-3.97,-4.06,0
C379F,-0.61,-0.7,-0.65,0
C379G,-4.32,-4.7,-4.51,0
C379H,-3.14,-1.86,-2.5,0
C379I,-1.45,-1.03,-1.24,0
C379K,-4.56,-4.84,-4.7,0
C379L,-0.91,-1.03,-0.97,0
C379M,-0.84,-1.1,-0.97,0
C379N,-4.73,-1.9,-3.32,0
C379P,-3.66,-3.67,-3.66,0
C379Q,-2.32,-3.64,-2.98,0
C379R,-3.77,-4.48,-4.12,0
C379S,-1.67,-1.54,-1.61,0
C379T,-0.78,-1.02,-0.9,0
C379V,-0.8,-0.88,-0.84,0
C379W,-0.47,-0.44,-0.46,0
C379Y,-1.01,-1.09,-1.05,0
Y380A,-2.39,-1.4,-1.9,0
Y380C,-1.45,-1.29,-1.37,0
Y380D,-4.18,-1.92,-3.05,0
Y380E,-2.21,-1.39,-1.8,0
Y380F,0.02,-0.1,-0.04,0
Y380G,-4.2,-4.03,-4.12,0
Y380H,-0.5,-0.57,-0.53,0
Y380I,-0.6,-0.86,-0.73,0
Y380K,-1.37,-1.69,-1.53,0
Y380L,-1.33,-1.72,-1.53,0
Y380M,-1.01,-1.13,-1.07,0
Y380N,-1.55,-1.44,-1.49,0
Y380P,-4.76,-4.84,-4.8,0
Y380Q,-1.29,-1.54,-1.42,0
Y380R,-1.28,-1.39,-1.34,0
Y380S,-1.09,-1.24,-1.17,0
Y380T,-0.6,-0.95,-0.77,0
Y380V,-0.82,-1.09,-0.95,0
Y380W,-0.07,-0.08,-0.08,0
G381A,-0.47,-0.57,-0.52,0
G381C,-0.7,-0.7,-0.7,0
G381D,-0.52,-0.57,-0.55,0
G381E,-0.55,-0.53,-0.54,0
G381F,-0.77,-0.84,-0.81,0
G381H,-0.14,-0.16,-0.15,0
G381I,-0.8,-0.91,-0.86,0
G381K,-0.02,-0.12,-0.07,0
G381L,-0.58,-0.72,-0.65,0
G381M,-0.54,-0.62,-0.58,0
G381N,-0.02,-0.01,-0.02,0
G381P,-0.92,-1.01,-0.97,0
G381Q,-0.11,-0.13,-0.12,0
G381R,0.0,-0.05,-0.03,0
G381S,-0.27,-0.28,-0.27,0
G381T,-0.52,-0.55,-0.53,0
G381V,-0.67,-0.74,-0.7,0
G381W,-0.7,-1.04,-0.87,0
G381Y,-0.74,-0.83,-0.79,0
V382A,-0.25,-0.26,-0.26,0
V382C,-0.09,-0.04,-0.06,0
V382D,-0.56,-0.68,-0.62,0
V382E,-0.44,-0.61,-0.52,0
V382F,-0.01,-0.01,-0.01,0
V382G,-0.69,-0.68,-0.68,0
V382H,-0.35,-0.28,-0.32,0
V382I,0.05,-0.05,0.0,0
V382K,-0.47,-0.58,-0.52,0
V382L,-0.05,-0.04,-0.05,0
V382M,-0.12,-0.16,-0.14,0
V382N,-0.57,-0.55,-0.56,0
V382P,-0.4,-0.43,-0.42,0
V382Q,-0.58,-0.55,-0.56,0
V382R,-0.65,-1.08,-0.86,0
V382S,-0.54,-0.56,-0.55,0
V382T,-0.11,-0.12,-0.11,0
V382W,-0.38,-0.32,-0.35,0
V382Y,-0.13,-0.15,-0.14,0
S383A,0.0,-0.02,-0.01,0
S383C,-0.15,-0.14,-0.14,0
S383D,0.0,0.04,0.02,1
S383F,-0.13,-0.14,-0.14,0
S383G,-0.12,-0.14,-0.13,0
S383H,-0.06,-0.1,-0.08,0
S383I,0.11,-0.01,0.05,1
S383K,0.0,0.03,0.01,1
S383L,-0.07,-0.06,-0.07,0
S383M,-0.02,-0.06,-0.04,0
S383N,0.0,0.0,0.0,0
S383P,-0.04,-0.13,-0.08,0
S383Q,-0.09,-0.01,-0.05,0
S383R,-0.07,-0.06,-0.06,0
S383T,0.06,0.07,0.06,1
S383V,-0.03,0.01,-0.01,0
S383W,-0.2,-0.19,-0.2,0
S383Y,-0.02,-0.12,-0.07,0
P384A,0.0,0.02,0.01,1
P384C,-0.14,-0.19,-0.16,0
P384D,-0.1,-0.17,-0.14,0
P384E,-0.03,-0.02,-0.02,0
P384F,0.03,0.0,0.02,1
P384G,-0.21,-0.13,-0.17,0
P384H,-0.08,0.01,-0.03,0
P384I,0.02,0.02,0.02,1
P384K,0.04,0.03,0.04,1
P384L,-0.02,0.04,0.01,1
P384M,0.0,-0.05,-0.02,0
P384N,-0.12,-0.24,-0.18,0
P384Q,0.09,-0.03,0.03,1
P384R,-0.03,0.1,0.03,1
P384S,-0.08,-0.1,-0.09,0
P384T,-0.12,0.02,-0.05,0
P384V,0.04,0.02,0.03,1
P384W,0.0,0.06,0.03,1
P384Y,-0.08,-0.05,-0.06,0
T385A,0.0,0.0,0.0,0
T385C,-0.2,-0.32,-0.26,0
T385D,-0.03,0.02,-0.01,0
T385E,0.07,0.05,0.06,1
T385F,0.0,-0.02,-0.01,0
T385G,0.0,-0.04,-0.02,0
T385H,0.05,-0.03,0.01,1
T385I,-0.03,-0.05,-0.04,0
T385K,-0.08,-0.01,-0.04,0
T385L,-0.02,0.0,-0.01,0
T385M,0.0,0.01,0.01,1
T385N,-0.01,0.04,0.01,1
T385P,-0.04,-0.04,-0.04,0
T385Q,0.02,0.04,0.03,1
T385R,0.36,0.03,0.19,1
T385S,0.0,-0.01,-0.01,0
T385V,-0.06,-0.03,-0.04,0
T385W,-0.02,-0.04,-0.03,0
T385Y,0.03,-0.03,0.0,0
K386A,-0.05,-0.02,-0.03,0
K386C,-0.18,-0.17,-0.18,0
K386D,-0.09,-0.04,-0.06,0
K386E,0.02,0.02,0.02,1
K386F,-0.24,-0.2,-0.22,0
K386G,-0.08,-0.04,-0.06,0
K386H,0.01,0.01,0.01,1
K386I,-0.1,-0.07,-0.08,0
K386L,-0.06,-0.08,-0.07,0
K386M,-0.03,-0.06,-0.05,0
K386N,0.0,0.08,0.04,1
K386P,-0.48,-0.6,-0.54,0
K386Q,0.04,-0.02,0.01,1
K386R,-0.09,-0.03,-0.06,0
K386S,0.03,0.04,0.04,1
K386T,0.02,-0.04,-0.01,0
K386V,-0.08,-0.09,-0.08,0
K386W,-0.39,-0.44,-0.42,0
K386Y,-0.11,-0.15,-0.13,0
L387A,-0.49,-0.53,-0.51,0
L387C,-0.69,-0.6,-0.64,0
L387D,-0.52,-0.57,-0.54,0
L387E,-0.45,-0.59,-0.52,0
L387F,-0.25,-0.37,-0.31,0
L387G,-0.52,-0.6,-0.56,0
L387H,-0.58,-0.74,-0.66,0
L387I,-0.18,-0.16,-0.17,0
L387K,-0.62,-0.7,-0.66,0
L387M,-0.11,-0.16,-0.13,0
L387N,-0.52,-0.64,-0.58,0
L387P,-0.57,-0.7,-0.64,0
L387Q,-0.41,-0.65,-0.53,0
L387R,-0.63,-0.77,-0.7,0
L387S,-0.55,-0.62,-0.59,0
L387T,-0.48,-0.64,-0.56,0
L387V,-0.43,-0.42,-0.43,0
L387W,-0.21,-0.32,-0.26,0
L387Y,-0.57,-0.57,-0.57,0
N388A,-0.06,-0.08,-0.07,0
N388C,-0.36,-0.29,-0.33,0
N388D,0.05,0.01,0.03,1
N388E,-0.05,-0.14,-0.09,0
N388F,-0.38,-0.38,-0.38,0
N388G,-0.05,-0.07,-0.06,0
N388H,-0.09,-0.09,-0.09,0
N388I,-0.28,-0.3,-0.29,0
N388K,-0.1,-0.17,-0.14,0
N388L,-0.23,-0.31,-0.27,0
N388M,0.02,-0.15,-0.07,0
N388P,-0.03,-0.05,-0.04,0
N388Q,-0.06,-0.05,-0.05,0
N388R,-0.04,-0.11,-0.07,0
N388S,-0.07,-0.09,-0.08,0
N388T,-0.1,-0.18,-0.14,0
N388V,-0.09,-0.23,-0.16,0
N388W,-0.3,-0.38,-0.34,0
N388Y,-0.29,-0.36,-0.32,0
D389A,-0.15,-0.04,-0.1,0
D389C,-0.15,-0.17,-0.16,0
D389E,0.04,0.03,0.03,1
D389F,-0.07,-0.17,-0.12,0
D389G,-0.04,-0.05,-0.05,0
D389H,-0.01,-0.05,-0.03,0
D389I,-0.41,-0.4,-0.4,0
D389K,-0.02,-0.11,-0.07,0
D389L,-0.14,-0.26,-0.2,0
D389M,-0.17,-0.13,-0.15,0
D389N,-0.05,-0.05,-0.05,0
D389P,-0.49,-0.43,-0.46,0
D389Q,-0.03,0.0,-0.02,0
D389R,-0.04,-0.11,-0.08,0
D389S,0.03,0.04,0.04,1
D389T,0.01,-0.04,-0.02,0
D389V,-0.27,-0.31,-0.29,0
D389W,-0.14,-0.36,-0.25,0
D389Y,-0.04,-0.04,-0.04,0
L390A,-0.04,-0.05,-0.05,0
L390C,-0.12,-0.03,-0.07,0
L390D,-0.22,-0.32,-0.27,0
L390E,-0.02,-0.06,-0.04,0
L390F,-0.06,-0.02,-0.04,0
L390G,-0.03,-0.15,-0.09,0
L390H,-0.09,-0.04,-0.06,0
L390I,-0.06,-0.05,-0.06,0
L390K,-0.07,-0.05,-0.06,0
L390M,-0.02,0.05,0.02,1
L390N,-0.09,-0.09,-0.09,0
L390P,-0.42,-0.44,-0.43,0
L390Q,-0.13,-0.02,-0.07,0
L390R,-0.09,-0.08,-0.08,0
L390S,-0.11,-0.13,-0.12,0
L390T,-0.1,-0.14,-0.12,0
L390V,-0.07,-0.13,-0.1,0
L390W,-0.12,-0.19,-0.16,0
L390Y,0.02,0.01,0.01,1
C391A,-0.06,-0.1,-0.08,0
C391D,-0.16,-0.08,-0.12,0
C391E,-0.07,-0.08,-0.07,0
C391F,-0.15,-0.18,-0.16,0
C391G,-0.18,-0.13,-0.15,0
C391H,-0.05,-0.04,-0.05,0
C391I,-0.11,-0.15,-0.13,0
C391K,-0.06,-0.07,-0.06,0
C391L,-0.1,-0.13,-0.12,0
C391M,-0.11,-0.12,-0.12,0
C391N,-0.06,-0.08,-0.07,0
C391P,-0.03,-0.1,-0.07,0
C391Q,-0.04,-0.01,-0.02,0
C391R,-0.08,-0.07,-0.07,0
C391S,-0.09,-0.1,-0.09,0
C391T,-0.09,-0.07,-0.08,0
C391V,-0.09,-0.1,-0.09,0
C391W,-0.17,-0.17,-0.17,0
C391Y,-0.12,-0.14,-0.13,0
F392A,-0.02,-0.03,-0.02,0
F392C,-0.03,-0.04,-0.04,0
F392D,-0.26,-0.37,-0.32,0
F392E,-0.36,-0.36,-0.36,0
F392G,-0.28,-0.27,-0.27,0
F392H,-0.06,-0.16,-0.11,0
F392I,-0.03,-0.07,-0.05,0
F392K,-0.34,-0.34,-0.34,0
F392L,-0.06,-0.09,-0.08,0
F392M,-0.07,-0.08,-0.08,0
F392N,-0.14,-0.29,-0.21,0
F392P,-0.03,-0.02,-0.03,0
F392Q,-0.29,-0.18,-0.23,0
F392R,-0.39,-0.41,-0.4,0
F392S,-0.08,-0.12,-0.11,0
F392T,0.0,-0.02,-0.01,0
F392V,-0.01,0.0,0.0,0
F392W,0.0,0.05,0.02,1
F392Y,0.04,-0.01,0.02,1
T393A,0.02,0.04,0.03,1
T393C,-0.11,-0.17,-0.14,0
T393D,-0.04,-0.07,-0.06,0
T393E,-0.01,-0.03,-0.02,0
T393F,-0.16,-0.26,-0.21,0
T393G,-0.08,-0.14,-0.11,0
T393H,-0.04,-0.09,-0.07,0
T393I,-0.06,-0.11,-0.09,0
T393K,-0.04,-0.01,-0.03,0
T393L,-0.11,-0.15,-0.13,0
T393M,-0.12,-0.16,-0.14,0
T393N,-0.02,-0.03,-0.03,0
T393P,-0.14,-0.19,-0.16,0
T393Q,-0.03,-0.07,-0.05,0
T393R,-0.05,-0.04,-0.05,0
T393S,-0.06,0.06,0.0,0
T393V,-0.05,-0.11,-0.08,0
T393W,-0.31,-0.42,-0.37,0
T393Y,-0.08,-0.1,-0.09,0
N394A,0.01,0.01,0.01,1
N394C,-0.05,-0.16,-0.1,0
N394D,-0.12,-0.03,-0.08,0
N394E,-0.01,-0.04,-0.02,0
N394F,-0.05,-0.08,-0.07,0
N394G,-0.06,-0.11,-0.08,0
N394H,0.04,-0.05,0.0,0
N394I,-0.14,-0.11,-0.13,0
N394K,-0.08,-0.12,-0.1,0
N394L,-0.09,-0.14,-0.12,0
N394M,-0.05,-0.05,-0.05,0
N394P,-0.06,-0.09,-0.08,0
N394Q,-0.01,-0.1,-0.06,0
N394R,-0.06,-0.09,-0.08,0
N394S,0.0,0.02,0.01,1
N394T,-0.01,-0.07,-0.04,0
N394V,-0.09,-0.02,-0.06,0
N394W,-0.04,-0.12,-0.08,0
N394Y,-0.02,-0.02,-0.02,0
V395A,-0.12,-0.19,-0.16,0
V395C,-0.06,0.01,-0.03,0
V395D,-3.17,-3.87,-3.52,0
V395E,-0.94,-1.1,-1.02,0
V395F,-0.24,-0.15,-0.19,0
V395G,-0.16,-0.2,-0.18,0
V395H,-0.62,-0.57,-0.59,0
V395I,0.0,0.0,0.0,0
V395K,-0.82,-0.98,-0.9,0
V395L,-0.08,0.02,-0.03,0
V395M,0.0,0.08,0.04,1
V395N,-0.97,-1.06,-1.02,0
V395P,-2.14,-1.92,-2.03,0
V395Q,-0.46,-0.57,-0.51,0
V395R,-0.56,-0.53,-0.55,0
V395S,-0.52,-0.5,-0.51,0
V395T,-0.36,-0.36,-0.36,0
V395W,-0.64,-0.51,-0.57,0
V395Y,-0.41,-0.66,-0.53,0
Y396A,-0.27,-0.48,-0.38,0
Y396C,-0.19,-0.26,-0.23,0
Y396D,-0.24,-0.37,-0.3,0
Y396E,-0.54,-0.5,-0.52,0
Y396F,-0.04,0.01,-0.02,0
Y396G,-0.86,-1.3,-1.08,0
Y396H,-0.21,-0.36,-0.29,0
Y396I,-0.02,-0.07,-0.05,0
Y396K,-0.53,-0.5,-0.51,0
Y396L,-0.14,-0.1,-0.12,0
Y396M,-0.08,-0.12,-0.1,0
Y396N,-0.05,-0.09,-0.07,0
Y396P,-4.76,-4.84,-4.8,0
Y396Q,-0.12,-0.36,-0.24,0
Y396R,-0.6,-0.58,-0.59,0
Y396S,-0.34,-0.41,-0.38,0
Y396T,-0.02,-0.03,-0.02,0
Y396V,-0.05,-0.08,-0.06,0
Y396W,0.0,-0.06,-0.03,0
A397C,-0.12,-0.14,-0.13,0
A397D,-3.89,-4.83,-4.36,0
A397F,-0.32,-0.63,-0.47,0
A397G,-0.98,-1.15,-1.07,0
A397H,-1.58,-1.47,-1.52,0
A397I,-0.23,-0.34,-0.29,0
A397L,-0.07,-0.05,-0.06,0
A397N,-4.11,-4.84,-4.48,0
A397P,-4.05,-3.86,-3.95,0
A397R,-3.25,-1.79,-2.52,0
A397S,-0.6,-0.8,-0.7,0
A397T,-0.44,-0.5,-0.47,0
A397V,-0.12,-0.18,-0.15,0
A397Y,-0.7,-0.63,-0.67,0
D398A,-4.27,-4.42,-4.34,0
D398C,-4.76,-4.31,-4.53,0
D398E,-1.6,-1.58,-1.59,0
D398F,-1.31,-2.12,-1.72,0
D398G,-4.68,-4.84,-4.76,0
D398H,-0.79,-0.91,-0.85,0
D398I,-3.02,-3.74,-3.38,0
D398K,-4.76,-4.84,-4.8,0
D398L,-4.74,-4.84,-4.79,0
D398M,-1.33,-1.45,-1.39,0
D398N,-2.87,-4.05,-3.46,0
D398P,-4.24,-4.84,-4.54,0
D398Q,-4.23,-4.7,-4.47,0
D398R,-4.76,-4.84,-4.8,0
D398S,-1.97,-2.18,-2.08,0
D398T,-1.14,-1.32,-1.23,0
D398V,-1.87,-2.28,-2.08,0
D398W,-3.66,-2.1,-2.88,0
D398Y,-1.0,-1.18,-1.09,0
S399A,-0.31,-0.44,-0.37,0
S399C,-0.97,-0.68,-0.83,0
S399D,-1.2,-1.45,-1.33,0
S399E,-1.48,-1.51,-1.49,0
S399F,-0.35,-0.56,-0.45,0
S399G,-0.83,-1.01,-0.92,0
S399H,-3.16,-0.85,-2.0,0
S399I,-1.88,-1.11,-1.5,0
S399K,-0.9,-1.05,-0.97,0
S399L,-0.82,-0.92,-0.87,0
S399M,-0.33,-0.37,-0.35,0
S399N,-0.31,-0.48,-0.39,0
S399P,-3.03,-4.84,-3.93,0
S399Q,-0.37,-0.61,-0.49,0
S399R,-0.6,-0.64,-0.62,0
S399T,-0.08,-0.12,-0.1,0
S399V,-1.17,-1.34,-1.26,0
S399W,-0.42,-0.62,-0.52,0
S399Y,-0.29,-0.31,-0.3,0
F400A,-4.76,-2.42,-3.59,0
F400C,-4.37,-4.84,-4.61,0
F400D,-4.76,-4.84,-4.8,0
F400E,-4.25,-4.43,-4.34,0
F400G,-4.76,-4.84,-4.8,0
F400H,-4.0,-3.68,-3.84,0
F400I,-4.76,-4.84,-4.8,0
F400K,-4.71,-4.73,-4.72,0
F400L,-1.57,-1.65,-1.61,0
F400M,-0.69,-0.63,-0.66,0
F400N,-4.76,-4.84,-4.8,0
F400P,-4.72,-4.84,-4.78,0
F400Q,-4.62,-4.14,-4.38,0
F400R,-4.76,-4.84,-4.8,0
F400S,-4.76,-4.84,-4.8,0
F400T,-4.76,-4.84,-4.8,0
F400V,-4.46,-4.54,-4.5,0
F400W,-4.76,-4.78,-4.77,0
F400Y,-0.81,-0.99,-0.9,0
V401A,-0.53,-0.79,-0.66,0
V401C,-0.71,-0.82,-0.77,0
V401D,-4.53,-4.21,-4.37,0
V401E,-4.15,-4.12,-4.13,0
V401G,-4.14,-4.5,-4.32,0
V401H,-4.43,-4.84,-4.63,0
V401I,-0.06,-0.45,-0.26,0
V401K,-4.68,-4.84,-4.76,0
V401L,-0.31,-0.35,-0.33,0
V401M,-0.52,-0.75,-0.64,0
V401N,-4.46,-3.6,-4.03,0
V401P,-4.76,-4.84,-4.8,0
V401Q,-3.54,-3.15,-3.35,0
V401R,-4.76,-4.84,-4.8,0
V401S,-1.91,-1.6,-1.75,0
V401T,-0.41,-0.32,-0.37,0
V401W,-4.76,-4.61,-4.69,0
V401Y,-4.76,-4.84,-4.8,0
I402A,-0.97,-0.96,-0.96,0
I402C,-0.24,-0.13,-0.18,0
I402D,-4.76,-4.58,-4.67,0
I402E,-2.69,-4.06,-3.37,0
I402F,-4.76,-4.84,-4.8,0
I402G,-4.76,-4.84,-4.8,0
I402H,-4.24,-4.59,-4.42,0
I402K,-4.59,-4.84,-4.71,0
I402L,-0.01,-0.09,-0.05,0
I402M,-0.81,-1.01,-0.91,0
I402N,-4.54,-4.84,-4.69,0
I402P,-4.61,-4.69,-4.65,0
I402Q,-4.37,-4.36,-4.36,0
I402R,-2.01,-4.84,-3.42,0
I402S,-2.25,-2.27,-2.26,0
I402T,-0.51,-0.6,-0.55,0
I402V,-0.04,0.06,0.01,1
I402W,-4.28,-0.42,-2.35,0
I402Y,-4.21,-4.84,-4.53,0
R403A,-0.98,-1.15,-1.06,0
R403C,-1.5,-1.52,-1.51,0
R403D,-2.18,-2.23,-2.21,0
R403E,-2.1,-2.12,-2.11,0
R403F,-3.64,-3.34,-3.49,0
R403G,-1.65,-1.75,-1.7,0
R403H,-1.9,-2.48,-2.19,0
R403I,-1.65,-1.82,-1.73,0
R403K,-0.06,-0.07,-0.06,0
R403L,-1.22,-1.57,-1.4,0
R403M,-0.52,-0.58,-0.55,0
R403N,-1.53,-1.42,-1.47,0
R403P,-1.17,-1.33,-1.25,0
R403Q,-0.69,-0.75,-0.72,0
R403S,-0.8,-0.89,-0.84,0
R403T,-0.67,-0.71,-0.69,0
R403V,-1.92,-2.14,-2.03,0
R403W,-3.23,-2.41,-2.82,0
R403Y,-2.39,-2.29,-2.34,0
G404A,-0.9,-0.96,-0.93,0
G404C,-1.05,-1.29,-1.17,0
G404D,-2.47,-2.45,-2.46,0
G404E,-1.23,-1.33,-1.28,0
G404F,-2.14,-1.81,-1.97,0
G404H,-0.78,-1.08,-0.93,0
G404I,-1.41,-4.15,-2.78,0
G404K,-0.94,-1.1,-1.02,0
G404L,-2.05,-2.52,-2.29,0
G404M,-1.34,-1.37,-1.36,0
G404N,-1.21,-1.73,-1.47,0
G404P,-4.76,-4.84,-4.8,0
G404Q,-1.06,-0.97,-1.02,0
G404R,-1.31,-1.27,-1.29,0
G404S,-0.96,-1.08,-1.02,0
G404T,-2.23,-2.71,-2.47,0
G404V,-2.31,-2.81,-2.56,0
G404W,-4.15,-1.99,-3.07,0
G404Y,-1.34,-1.44,-1.39,0
D405A,-0.08,-0.06,-0.07,0
D405E,-0.27,-0.24,-0.25,0
D405F,0.04,-0.08,-0.02,0
D405G,-0.31,-0.36,-0.33,0
D405H,-0.09,-0.21,-0.15,0
D405I,-0.94,-0.93,-0.93,0
D405K,0.0,-0.4,-0.2,0
D405L,-0.33,-0.51,-0.42,0
D405M,-0.09,-0.07,-0.08,0
D405N,-0.13,-0.06,-0.1,0
D405P,-1.3,-1.6,-1.45,0
D405Q,-0.07,0.01,-0.03,0
D405R,-0.13,-0.09,-0.11,0
D405S,0.06,-0.03,0.01,1
D405T,-0.29,-0.44,-0.36,0
D405V,-0.53,-0.67,-0.6,0
D405W,-0.53,-0.46,-0.49,0
D405Y,-0.11,-0.45,-0.28,0
E406A,-0.3,-0.47,-0.38,0
E406C,-1.08,-0.59,-0.83,0
E406D,-0.03,-0.1,-0.07,0
E406F,-0.88,-0.92,-0.9,0
E406G,-0.47,-0.71,-0.59,0
E406H,0.0,0.01,0.0,0
E406I,-2.91,-1.34,-2.12,0
E406K,-1.03,-0.89,-0.96,0
E406L,-1.9,-0.9,-1.4,0
E406M,-0.4,-0.49,-0.44,0
E406N,-0.54,-0.58,-0.56,0
E406P,-4.0,-4.84,-4.42,0
E406Q,0.08,0.06,0.07,1
E406R,-1.76,-2.26,-2.01,0
E406S,-0.52,-0.54,-0.53,0
E406T,-0.58,-0.78,-0.68,0
E406V,-0.58,-0.62,-0.6,0
E406W,-0.5,-0.63,-0.57,0
E406Y,-0.63,-0.93,-0.78,0
V407A,-0.75,-0.96,-0.86,0
V407C,-0.65,-0.69,-0.67,0
V407D,-4.76,-4.84,-4.8,0
V407E,-1.73,-1.6,-1.66,0
V407F,-0.96,-1.22,-1.09,0
V407G,-2.51,-2.74,-2.63,0
V407H,-3.66,-2.53,-3.09,0
V407I,0.06,-0.25,-0.1,0
V407K,-1.01,-1.29,-1.15,0
V407L,-0.02,-0.04,-0.03,0
V407M,-0.28,-0.38,-0.33,0
V407N,-4.39,-4.49,-4.44,0
V407P,-4.47,-4.12,-4.3,0
V407Q,-0.66,-0.68,-0.67,0
V407R,-0.63,-0.89,-0.76,0
V407S,-1.44,-1.64,-1.54,0
V407T,-0.48,-0.64,-0.56,0
V407W,-1.79,-1.78,-1.78,0
V407Y,-1.26,-1.69,-1.48,0
R408A,-0.02,-0.11,-0.06,0
R408C,-0.07,-0.1,-0.09,0
R408E,-0.25,-0.07,-0.16,0
R408F,-0.04,-0.18,-0.11,0
R408G,-0.12,-0.03,-0.08,0
R408H,-0.05,-0.08,-0.06,0
R408I,-0.06,-0.13,-0.09,0
R408K,-0.04,0.05,0.0,0
R408L,-0.21,-0.21,-0.21,0
R408M,-0.09,-0.12,-0.1,0
R408N,-0.05,-0.07,-0.06,0
R408P,-0.07,-0.05,-0.06,0
R408Q,-0.11,-0.04,-0.07,0
R408S,-0.09,-0.04,-0.06,0
R408T,-0.11,-0.11,-0.11,0
R408V,-0.12,-0.17,-0.14,0
R408W,-0.01,-0.18,-0.1,0
R408Y,-0.19,-0.09,-0.14,0
Q409A,-0.82,-1.02,-0.92,0
Q409D,-0.11,-0.54,-0.33,0
Q409E,-0.19,-0.12,-0.15,0
Q409F,-0.4,-1.05,-0.72,0
Q409G,-0.88,-1.11,-1.0,0
Q409H,-0.61,-0.73,-0.67,0
Q409I,-2.07,-1.64,-1.86,0
Q409K,-0.63,-0.68,-0.65,0
Q409L,-0.72,-0.79,-0.75,0
Q409M,-0.42,-0.65,-0.54,0
Q409N,-0.59,-0.71,-0.65,0
Q409P,-4.76,-4.49,-4.63,0
Q409R,-0.7,-0.87,-0.78,0
Q409S,-0.58,-0.55,-0.57,0
Q409T,-0.65,-0.7,-0.67,0
Q409V,-0.94,-1.17,-1.06,0
Q409W,-0.74,-1.06,-0.9,0
I410A,-4.4,-4.84,-4.62,0
I410C,-0.75,-1.54,-1.14,0
I410D,-3.98,-2.8,-3.39,0
I410E,-4.76,-4.84,-4.8,0
I410F,-3.46,-3.08,-3.27,0
I410G,-4.76,-4.38,-4.57,0
I410H,-4.76,-4.34,-4.55,0
I410K,-4.63,-4.84,-4.74,0
I410L,-0.33,-0.39,-0.36,0
I410M,-0.75,-0.69,-0.72,0
I410N,-3.01,-4.19,-3.6,0
I410P,-4.76,-2.22,-3.49,0
I410Q,-4.76,-3.66,-4.21,0
I410R,-4.76,-4.84,-4.8,0
I410S,-4.76,-4.84,-4.8,0
I410T,-4.13,-4.84,-4.48,0
I410V,-0.12,-0.09,-0.11,0
I410W,-4.75,-4.84,-4.79,0
I410Y,-4.31,-4.05,-4.18,0
A411C,-0.41,-0.4,-0.4,0
A411D,-0.66,-0.71,-0.69,0
A411E,-0.09,-0.08,-0.09,0
A411F,-0.81,-0.82,-0.81,0
A411G,-0.07,-0.13,-0.1,0
A411H,-0.55,-0.56,-0.55,0
A411I,-0.65,-0.78,-0.72,0
A411K,-0.3,-0.36,-0.33,0
A411L,-0.69,-0.78,-0.73,0
A411M,-0.2,-0.38,-0.29,0
A411N,-0.52,-0.62,-0.57,0
A411P,-4.34,-4.66,-4.5,0
A411Q,-0.04,-0.11,-0.08,0
A411R,-0.17,-0.19,-0.18,0
A411S,-0.11,-0.17,-0.14,0
A411T,-0.58,-0.46,-0.52,0
A411V,-0.41,-0.38,-0.4,0
A411W,-0.2,-0.39,-0.3,0
A411Y,-0.76,-1.09,-0.93,0
P412A,-1.09,-1.05,-1.07,0
P412C,-2.77,-1.92,-2.35,0
P412D,-3.2,-3.03,-3.12,0
P412E,-1.65,-2.75,-2.2,0
P412F,-3.92,-3.81,-3.87,0
P412G,-1.49,-1.71,-1.6,0
P412H,-1.62,-3.02,-2.32,0
P412I,-0.96,-0.88,-0.92,0
P412K,-0.88,-1.02,-0.95,0
P412L,-1.08,-1.23,-1.15,0
P412M,-1.12,-1.52,-1.32,0
P412N,-3.58,-3.06,-3.32,0
P412Q,-1.76,-1.38,-1.57,0
P412R,-1.55,-1.45,-1.5,0
P412S,-1.48,-1.52,-1.5,0
P412T,-0.9,-1.19,-1.05,0
P412V,-0.6,-0.71,-0.66,0
P412W,-3.94,-4.79,-4.37,0
P412Y,-4.24,-4.7,-4.47,0
G413A,-0.14,-0.18,-0.16,0
G413C,-0.06,-0.05,-0.06,0
G413D,-0.29,-0.32,-0.3,0
G413E,-0.14,-0.26,-0.2,0
G413F,0.0,-0.06,-0.03,0
G413H,-0.04,-0.09,-0.06,0
G413I,-0.55,-0.66,-0.6,0
G413K,-0.23,-0.03,-0.13,0
G413L,-0.15,-0.1,-0.12,0
G413M,-0.05,-0.09,-0.07,0
G413N,-0.16,-0.14,-0.15,0
G413P,-4.76,-4.55,-4.65,0
G413Q,-0.08,-0.16,-0.12,0
G413R,-0.1,-0.06,-0.08,0
G413S,-0.09,-0.13,-0.11,0
G413T,-0.44,-0.5,-0.47,0
G413V,-0.58,-0.59,-0.59,0
G413W,-0.45,-0.36,-0.41,0
G413Y,-0.05,-0.08,-0.07,0
Q414A,0.07,0.24,0.16,1
Q414C,-0.21,-0.12,-0.16,0
Q414D,-0.87,-0.89,-0.88,0
Q414E,-0.03,-0.08,-0.06,0
Q414F,-0.55,-0.52,-0.53,0
Q414G,0.01,-0.03,-0.01,0
Q414H,-0.17,-0.2,-0.18,0
Q414I,-0.06,-0.14,-0.1,0
Q414K,0.0,-0.07,-0.04,0
Q414L,-0.25,-0.27,-0.26,0
Q414M,0.06,0.02,0.04,1
Q414N,-0.36,-0.35,-0.36,0
Q414P,-0.92,-1.09,-1.01,0
Q414R,-0.06,-0.03,-0.04,0
Q414S,0.02,-0.01,0.0,0
Q414T,0.0,0.01,0.01,1
Q414V,0.07,-0.06,0.01,1
Q414W,-0.74,-0.87,-0.8,0
Q414Y,-0.35,-0.46,-0.41,0
T415A,-0.06,-0.02,-0.04,0
T415C,-0.31,-0.29,-0.3,0
T415D,-0.16,-0.25,-0.21,0
T415E,-0.09,-0.18,-0.13,0
T415F,-0.08,-0.15,-0.12,0
T415G,0.0,-0.03,-0.02,0
T415H,0.1,0.01,0.05,1
T415I,-0.11,-0.08,-0.1,0
T415K,0.0,-0.01,0.0,0
T415L,-0.24,-0.31,-0.27,0
T415M,-0.06,-0.11,-0.09,0
T415N,0.0,-0.04,-0.02,0
T415P,-0.32,-0.27,-0.29,0
T415Q,-0.08,-0.05,-0.06,0
T415R,0.03,0.06,0.05,1
T415S,-0.01,0.03,0.01,1
T415V,-0.09,-0.09,-0.09,0
T415W,-0.23,-0.26,-0.25,0
T415Y,-0.06,-0.12,-0.09,0
G416A,-1.25,-1.36,-1.31,0
G416C,-2.39,-2.33,-2.36,0
G416D,-1.34,-1.6,-1.47,0
G416E,-1.91,-2.12,-2.01,0
G416F,-4.29,-3.82,-4.05,0
G416H,-1.46,-1.66,-1.56,0
G416I,-4.76,-4.82,-4.79,0
G416K,-2.16,-2.27,-2.22,0
G416L,-3.3,-3.1,-3.2,0
G416M,-2.1,-1.95,-2.03,0
G416N,-1.11,-1.44,-1.27,0
G416P,-3.96,-4.84,-4.4,0
G416Q,-2.1,-1.75,-1.93,0
G416R,-2.73,-3.05,-2.89,0
G416S,-0.98,-1.25,-1.11,0
G416T,-1.9,-2.15,-2.02,0
G416V,-4.65,-4.55,-4.6,0
G416W,-3.22,-3.2,-3.21,0
G416Y,-2.62,-2.86,-2.74,0
K417A,-0.31,-0.4,-0.35,0
K417C,-0.46,-0.38,-0.42,0
K417D,-0.96,-1.11,-1.04,0
K417E,-0.66,-0.84,-0.75,0
K417F,-0.12,-0.15,-0.13,0
K417G,-0.48,-0.53,-0.51,0
K417H,-0.16,-0.18,-0.17,0
K417I,-0.32,-0.36,-0.34,0
K417L,-0.3,-0.32,-0.31,0
K417M,-0.35,-0.42,-0.39,0
K417N,-0.43,-0.48,-0.45,0
K417P,-0.26,-0.44,-0.35,0
K417Q,-0.63,-0.62,-0.62,0
K417R,-0.18,-0.15,-0.17,0
K417S,-0.43,-0.49,-0.46,0
K417T,-0.23,-0.29,-0.26,0
K417V,-0.25,-0.39,-0.32,0
K417W,-0.25,-0.38,-0.31,0
K417Y,-0.07,-0.09,-0.08,0
I418A,-1.58,-1.33,-1.46,0
I418C,-0.88,-1.21,-1.05,0
I418D,-4.76,-4.84,-4.8,0
I418E,-4.76,-4.84,-4.8,0
I418F,-2.7,-2.62,-2.66,0
I418G,-4.75,-4.35,-4.55,0
I418H,-4.69,-4.84,-4.76,0
I418K,-4.47,-4.81,-4.64,0
I418L,-0.63,-0.82,-0.73,0
I418M,-0.71,-0.8,-0.76,0
I418N,-4.74,-4.84,-4.79,0
I418P,-4.62,-4.84,-4.73,0
I418Q,-1.75,-1.9,-1.82,0
I418R,-4.74,-4.77,-4.76,0
I418S,-3.33,-3.64,-3.48,0
I418T,-0.68,-1.01,-0.85,0
I418V,-0.13,-0.22,-0.17,0
I418W,-4.71,-4.17,-4.44,0
I418Y,-4.41,-4.73,-4.57,0
A419C,-0.26,-0.28,-0.27,0
A419D,-3.12,-3.34,-3.23,0
A419E,-3.93,-3.58,-3.75,0
A419F,-0.96,-1.19,-1.07,0
A419G,-0.72,-0.88,-0.8,0
A419H,-0.73,-0.81,-0.77,0
A419I,-0.66,-0.8,-0.73,0
A419K,-1.75,-2.32,-2.04,0
A419L,-2.21,-2.34,-2.28,0
A419M,-0.99,-1.23,-1.11,0
A419N,-0.86,-0.95,-0.91,0
A419P,-0.2,-0.24,-0.22,0
A419Q,-1.03,-1.27,-1.15,0
A419R,-1.09,-1.19,-1.14,0
A419S,-0.11,-0.1,-0.1,0
A419T,-0.19,-0.27,-0.23,0
A419V,-0.44,-0.55,-0.49,0
A419W,-2.79,-2.59,-2.69,0
A419Y,-0.79,-0.94,-0.86,0
D420A,-0.09,-0.12,-0.11,0
D420C,-0.25,-0.29,-0.27,0
D420E,-0.12,-0.15,-0.13,0
D420F,-0.29,-0.36,-0.32,0
D420G,-0.52,-0.61,-0.56,0
D420H,-0.29,-0.29,-0.29,0
D420I,-0.62,-0.7,-0.66,0
D420K,-0.08,-0.02,-0.05,0
D420L,-0.16,-0.19,-0.18,0
D420M,-0.14,-0.14,-0.14,0
D420N,-0.02,-0.02,-0.02,0
D420P,-4.68,-4.43,-4.55,0
D420Q,-0.04,0.02,-0.01,0
D420R,-0.04,-0.06,-0.05,0
D420S,-0.14,-0.08,-0.11,0
D420T,-0.25,-0.27,-0.26,0
D420V,-0.61,-0.74,-0.67,0
D420W,-0.29,-0.31,-0.3,0
D420Y,-0.28,-0.32,-0.3,0
Y421A,-0.69,-0.67,-0.68,0
Y421C,-0.38,-0.49,-0.43,0
Y421D,-1.52,-1.92,-1.72,0
Y421E,-2.01,-2.14,-2.08,0
Y421F,-0.03,-0.02,-0.02,0
Y421G,-0.72,-0.72,-0.72,0
Y421H,-0.67,-0.54,-0.6,0
Y421I,-0.46,-0.47,-0.47,0
Y421K,-0.53,-0.51,-0.52,0
Y421L,-0.11,-0.17,-0.14,0
Y421M,-0.34,-0.44,-0.39,0
Y421N,-0.16,-0.2,-0.18,0
Y421P,-4.69,-4.84,-4.76,0
Y421Q,-0.74,-0.77,-0.76,0
Y421R,-0.62,-0.64,-0.63,0
Y421S,-0.72,-0.8,-0.76,0
Y421T,-1.16,-1.2,-1.18,0
Y421V,-0.59,-0.67,-0.63,0
Y421W,-0.54,-0.68,-0.61,0
N422A,-1.19,-1.52,-1.36,0
N422C,-1.87,-3.03,-2.45,0
N422D,-2.44,-2.83,-2.64,0
N422E,-4.76,-4.84,-4.8,0
N422F,-4.76,-4.84,-4.8,0
N422G,-3.41,-1.56,-2.48,0
N422H,-4.76,-4.84,-4.8,0
N422I,-4.7,-4.84,-4.77,0
N422K,-4.63,-4.84,-4.73,0
N422L,-4.75,-4.84,-4.8,0
N422M,-4.76,-3.92,-4.34,0
N422P,-4.35,-4.84,-4.59,0
N422Q,-3.46,-4.35,-3.9,0
N422R,-4.76,-4.79,-4.77,0
N422S,-0.74,-0.77,-0.75,0
N422T,-4.43,-4.63,-4.53,0
N422V,-4.76,-4.83,-4.8,0
N422W,-4.76,-4.84,-4.8,0
N422Y,-4.76,-4.49,-4.62,0
Y423A,-4.76,-4.84,-4.8,0
Y423C,-4.59,-4.55,-4.57,0
Y423D,-4.57,-4.84,-4.7,0
Y423E,-4.67,-4.38,-4.53,0
Y423F,-0.56,-0.59,-0.58,0
Y423G,-4.59,-4.84,-4.72,0
Y423H,-4.37,-4.14,-4.26,0
Y423I,-2.16,-2.16,-2.16,0
Y423K,-4.55,-4.84,-4.7,0
Y423L,-2.66,-3.55,-3.11,0
Y423M,-2.84,-2.71,-2.77,0
Y423N,-4.7,-4.84,-4.77,0
Y423P,-4.72,-4.84,-4.78,0
Y423Q,-4.76,-4.13,-4.44,0
Y423R,-4.76,-4.81,-4.79,0
Y423S,-4.73,-4.84,-4.79,0
Y423T,-4.76,-4.75,-4.75,0
Y423V,-4.02,-4.84,-4.43,0
Y423W,-4.69,-4.35,-4.52,0
K424A,-0.2,-0.22,-0.21,0
K424C,-0.54,-0.51,-0.52,0
K424D,-1.75,-1.74,-1.75,0
K424E,-2.57,-2.54,-2.56,0
K424F,-0.76,-1.03,-0.9,0
K424G,-0.75,-0.75,-0.75,0
K424H,-0.03,-0.13,-0.08,0
K424I,-2.09,-1.98,-2.03,0
K424L,-0.98,-1.24,-1.11,0
K424M,-0.61,-0.74,-0.68,0
K424N,-0.28,-0.33,-0.3,0
K424P,-1.25,-2.29,-1.77,0
K424Q,-0.54,-0.57,-0.56,0
K424R,-0.07,-0.07,-0.07,0
K424S,-0.85,-0.7,-0.77,0
K424T,-4.76,-4.84,-4.8,0
K424V,-0.79,-0.98,-0.89,0
K424W,-4.22,-4.4,-4.31,0
K424Y,-0.7,-0.95,-0.82,0
L425A,-2.69,-3.39,-3.04,0
L425C,-0.72,-0.76,-0.74,0
L425D,-4.76,-4.84,-4.8,0
L425E,-4.76,-4.84,-4.8,0
L425F,-1.19,-1.56,-1.38,0
L425G,-4.76,-4.75,-4.75,0
L425H,-4.76,-4.84,-4.8,0
L425I,-0.04,-0.04,-0.04,0
L425K,-4.76,-4.84,-4.8,0
L425M,-0.16,-0.19,-0.18,0
L425N,-3.44,-4.84,-4.14,0
L425P,-3.26,-3.66,-3.46,0
L425Q,-4.76,-4.82,-4.79,0
L425R,-4.71,-4.49,-4.6,0
L425S,-4.23,-4.81,-4.52,0
L425T,-0.74,-0.91,-0.83,0
L425V,-0.05,-0.03,-0.04,0
L425W,-4.75,-4.84,-4.8,0
L425Y,-4.65,-4.6,-4.63,0
P426A,-0.18,-0.19,-0.18,0
P426C,-0.67,-0.73,-0.7,0
P426D,-0.51,-0.46,-0.48,0
P426E,-0.65,-0.92,-0.79,0
P426F,-1.56,-1.64,-1.6,0
P426G,-0.31,-0.26,-0.29,0
P426H,-0.64,-0.72,-0.68,0
P426I,-1.77,-1.74,-1.75,0
P426K,-0.52,-0.64,-0.58,0
P426L,-1.24,-1.51,-1.38,0
P426M,-0.76,-1.1,-0.93,0
P426N,-0.32,-0.41,-0.37,0
P426Q,-0.75,-0.81,-0.78,0
P426R,-0.55,-0.71,-0.63,0
P426S,-0.2,-0.24,-0.22,0
P426T,-0.53,-0.6,-0.57,0
P426V,-0.92,-1.27,-1.1,0
P426W,-1.54,-2.0,-1.77,0
P426Y,-1.39,-1.76,-1.58,0
D427A,0.1,-0.03,0.04,1
D427C,-0.26,-0.28,-0.27,0
D427E,-0.02,0.07,0.02,1
D427F,-0.08,-0.18,-0.13,0
D427G,-0.02,-0.07,-0.05,0
D427H,-0.03,0.03,0.0,0
D427I,-0.06,-0.05,-0.06,0
D427K,-0.01,-0.06,-0.04,0
D427L,0.0,-0.01,0.0,0
D427M,0.03,-0.1,-0.04,0
D427N,0.01,-0.01,0.0,0
D427P,-0.04,-0.03,-0.03,0
D427Q,-0.62,-0.08,-0.35,0
D427R,0.0,-0.04,-0.02,0
D427S,-0.03,-0.09,-0.06,0
D427T,-0.04,-0.12,-0.08,0
D427V,-0.02,-0.04,-0.03,0
D427W,-0.12,-0.15,-0.13,0
D427Y,-0.08,-0.09,-0.09,0
D428A,-0.11,-0.14,-0.13,0
D428C,-0.34,-0.42,-0.38,0
D428E,-0.05,-0.06,-0.06,0
D428F,-0.24,-0.37,-0.31,0
D428G,-0.1,-0.15,-0.12,0
D428H,-0.06,-0.09,-0.07,0
D428I,-0.23,-0.3,-0.26,0
D428K,-0.06,-0.02,-0.04,0
D428L,-0.22,-0.33,-0.28,0
D428M,-0.17,-0.24,-0.21,0
D428N,0.01,0.01,0.01,1
D428P,-0.11,-0.08,-0.09,0
D428Q,-0.13,-0.12,-0.12,0
D428R,-0.08,-0.16,-0.12,0
D428S,-0.06,-0.09,-0.08,0
D428T,-0.05,-0.09,-0.07,0
D428V,-0.2,-0.22,-0.21,0
D428W,-0.2,-0.27,-0.24,0
D428Y,-0.14,-0.22,-0.18,0
F429A,-3.5,-4.17,-3.83,0
F429C,-3.36,-2.97,-3.17,0
F429D,-4.73,-4.81,-4.77,0
F429E,-4.76,-4.7,-4.73,0
F429G,-4.76,-4.84,-4.8,0
F429H,-0.79,-0.94,-0.86,0
F429I,-0.85,-0.94,-0.9,0
F429K,-4.54,-4.74,-4.64,0
F429L,-0.7,-0.68,-0.69,0
F429M,-0.77,-0.69,-0.73,0
F429N,-4.76,-4.73,-4.74,0
F429P,-4.47,-4.48,-4.47,0
F429Q,-4.59,-4.23,-4.41,0
F429R,-4.14,-4.84,-4.49,0
F429S,-4.75,-4.83,-4.79,0
F429T,-3.04,-3.6,-3.32,0
F429V,-0.85,-1.01,-0.93,0
F429W,-0.07,-0.15,-0.11,0
F429Y,-0.5,-0.58,-0.54,0
T430A,-0.18,-0.16,-0.17,0
T430C,0.0,0.01,0.0,0
T430D,-0.55,-0.58,-0.56,0
T430E,-0.59,-0.26,-0.42,0
T430F,0.0,0.06,0.03,1
T430G,-0.66,-0.7,-0.68,0
T430H,0.02,-0.06,-0.02,0
T430I,0.03,0.04,0.03,1
T430K,0.08,-0.03,0.03,1
T430L,0.0,0.03,0.01,1
T430M,0.03,0.03,0.03,1
T430N,-0.11,-0.13,-0.12,0
T430P,-2.36,-1.87,-2.11,0
T430Q,-0.06,-0.08,-0.07,0
T430R,0.01,-0.01,0.0,0
T430S,-0.12,-0.17,-0.15,0
T430V,-0.15,0.03,-0.06,0
T430W,-0.22,-0.13,-0.18,0
T430Y,0.02,-0.02,0.0,0
G431A,-4.76,-4.84,-4.8,0
G431C,-3.12,-2.41,-2.77,0
G431D,-4.63,-4.8,-4.72,0
G431E,-4.76,-4.84,-4.8,0
G431F,-4.76,-4.65,-4.7,0
G431H,-4.76,-4.84,-4.8,0
G431I,-4.76,-4.84,-4.8,0
G431K,-4.76,-4.84,-4.8,0
G431L,-4.68,-4.44,-4.56,0
G431M,-4.39,-4.84,-4.61,0
G431N,-4.76,-4.62,-4.69,0
G431P,-4.76,-4.84,-4.8,0
G431Q,-4.49,-4.84,-4.67,0
G431R,-4.74,-4.84,-4.79,0
G431S,-4.58,-4.33,-4.46,0
G431T,-4.76,-4.44,-4.6,0
G431V,-4.75,-4.67,-4.71,0
G431W,-4.76,-4.84,-4.8,0
G431Y,-4.66,-4.46,-4.56,0
C432A,-1.63,-2.13,-1.88,0
C432D,-4.57,-4.84,-4.71,0
C432E,-4.76,-2.98,-3.87,0
C432F,-0.75,-1.03,-0.89,0
C432G,-4.76,-4.84,-4.8,0
C432H,-4.26,-4.84,-4.55,0
C432I,-0.47,-0.48,-0.47,0
C432K,-3.3,-4.45,-3.88,0
C432L,-0.7,-0.76,-0.73,0
C432M,-0.78,-0.75,-0.77,0
C432N,-3.74,-4.84,-4.29,0
C432P,-4.76,-4.51,-4.63,0
C432Q,-4.76,-4.84,-4.8,0
C432R,-4.76,-4.84,-4.8,0
C432S,-4.62,-4.37,-4.5,0
C432T,-4.57,-4.32,-4.45,0
C432V,-0.73,-0.72,-0.72,0
C432W,-1.56,-1.47,-1.51,0
C432Y,-2.61,-2.23,-2.42,0
V433A,-1.68,-1.49,-1.58,0
V433C,-1.72,-1.81,-1.77,0
V433D,-4.75,-4.78,-4.77,0
V433E,-4.61,-4.42,-4.52,0
V433F,-4.76,-4.48,-4.62,0
V433G,-4.72,-4.84,-4.78,0
V433H,-4.76,-4.77,-4.77,0
V433I,-0.08,-0.16,-0.12,0
V433K,-4.76,-4.82,-4.79,0
V433L,-1.64,-1.48,-1.56,0
V433M,-1.23,-1.43,-1.33,0
V433N,-4.46,-4.69,-4.57,0
V433P,-4.76,-4.84,-4.8,0
V433Q,-4.76,-4.84,-4.8,0
V433R,-4.25,-4.7,-4.48,0
V433S,-4.55,-4.18,-4.36,0
V433T,-0.66,-0.76,-0.71,0
V433W,-4.64,-4.84,-4.74,0
V433Y,-4.49,-4.46,-4.48,0
I434A,-0.32,-0.29,-0.3,0
I434C,-0.2,-0.24,-0.22,0
I434D,-4.76,-2.6,-3.68,0
I434E,-4.47,-4.84,-4.66,0
I434F,-0.01,0.07,0.03,1
I434G,-0.83,-1.03,-0.93,0
I434H,-0.53,-0.66,-0.6,0
I434K,-2.48,-1.87,-2.18,0
I434L,-0.03,-0.06,-0.05,0
I434M,-0.04,-0.12,-0.08,0
I434N,-3.06,-2.8,-2.93,0
I434P,-4.06,-4.84,-4.45,0
I434Q,-0.86,-1.41,-1.13,0
I434R,-4.14,-4.32,-4.23,0
I434S,-0.66,-0.72,-0.69,0
I434T,-0.38,-0.33,-0.36,0
I434V,-0.06,-0.07,-0.07,0
I434W,-0.03,-0.06,-0.04,0
I434Y,-0.02,0.0,-0.01,0
A435C,-0.62,-0.64,-0.63,0
A435D,-3.77,-2.69,-3.23,0
A435E,-2.61,-4.11,-3.36,0
A435F,-0.94,-0.83,-0.89,0
A435G,-0.34,-0.38,-0.36,0
A435H,-0.83,-1.05,-0.94,0
A435I,-0.72,-0.78,-0.75,0
A435K,-1.61,-2.32,-1.97,0
A435L,-1.44,-1.63,-1.53,0
A435M,-0.64,-0.7,-0.67,0
A435N,-1.1,-1.16,-1.13,0
A435P,-3.85,-4.5,-4.18,0
A435Q,-1.16,-1.31,-1.23,0
A435R,-2.71,-2.81,-2.76,0
A435S,-0.08,-0.07,-0.07,0
A435T,-0.14,-0.2,-0.17,0
A435V,-0.6,-0.62,-0.61,0
A435W,-0.48,-0.55,-0.52,0
A435Y,-0.48,-0.52,-0.5,0
W436A,-0.7,-0.81,-0.75,0
W436C,-0.91,-1.09,-1.0,0
W436D,-2.61,-3.1,-2.86,0
W436E,-1.29,-1.44,-1.37,0
W436F,-0.42,-0.36,-0.39,0
W436G,-1.3,-1.29,-1.29,0
W436H,-0.89,-0.9,-0.89,0
W436I,-0.66,-0.86,-0.76,0
W436K,-0.64,-0.7,-0.67,0
W436L,-0.72,-0.84,-0.78,0
W436M,-0.55,-0.56,-0.56,0
W436N,-1.34,-1.65,-1.49,0
W436P,-4.35,-4.84,-4.59,0
W436Q,-0.59,-0.72,-0.66,0
W436R,-0.57,-0.68,-0.62,0
W436S,-0.59,-0.73,-0.66,0
W436T,-0.65,-0.78,-0.72,0
W436V,-0.8,-0.91,-0.85,0
W436Y,-0.52,-0.46,-0.49,0
N437A,-0.52,-0.58,-0.55,0
N437C,-0.44,-0.41,-0.42,0
N437D,-1.46,-1.51,-1.48,0
N437E,-0.92,-1.01,-0.96,0
N437F,-4.09,-4.39,-4.24,0
N437G,-0.52,-0.61,-0.56,0
N437H,-1.86,-1.92,-1.89,0
N437I,-2.19,-2.22,-2.21,0
N437K,-0.73,-0.83,-0.78,0
N437L,-2.07,-2.22,-2.15,0
N437M,-1.51,-1.73,-1.62,0
N437P,-0.37,-0.36,-0.36,0
N437Q,-0.66,-0.84,-0.75,0
N437R,-0.71,-0.8,-0.75,0
N437S,-0.46,-0.57,-0.51,0
N437T,-1.12,-1.33,-1.23,0
N437V,-1.43,-1.49,-1.46,0
N437W,-2.85,-3.07,-2.96,0
N437Y,-3.45,-3.78,-3.62,0
S438A,0.03,-0.04,-0.01,0
S438C,-0.28,-0.47,-0.38,0
S438D,-2.22,-2.31,-2.26,0
S438E,-2.48,-1.95,-2.21,0
S438F,-2.7,-2.87,-2.79,0
S438G,-0.66,-0.64,-0.65,0
S438H,-2.43,-2.45,-2.44,0
S438I,-2.34,-2.43,-2.39,0
S438K,-2.56,-2.22,-2.39,0
S438L,-3.51,-3.34,-3.43,0
S438M,-1.45,-1.38,-1.42,0
S438N,-0.88,-1.93,-1.41,0
S438P,-4.76,-4.46,-4.61,0
S438Q,-1.15,-1.62,-1.39,0
S438R,-0.93,-1.6,-1.27,0
S438T,-0.13,-0.07,-0.1,0
S438V,-0.61,-0.91,-0.76,0
S438W,-3.21,-2.76,-2.99,0
S438Y,-2.49,-2.62,-2.56,0
N439A,0.0,-0.34,-0.17,0
N439C,-0.14,-0.1,-0.12,0
N439D,-1.01,-1.3,-1.15,0
N439E,-1.5,-3.82,-2.66,0
N439F,-1.08,-1.19,-1.14,0
N439G,-0.37,-0.64,-0.5,0
N439H,-0.62,-0.87,-0.75,0
N439I,-0.28,-0.21,-0.25,0
N439K,0.11,-0.02,0.04,1
N439L,-0.04,-0.08,-0.06,0
N439M,-0.24,-0.26,-0.25,0
N439P,-2.13,-2.65,-2.39,0
N439Q,-0.32,-0.57,-0.45,0
N439R,-0.11,0.05,-0.03,0
N439S,-1.04,-1.4,-1.22,0
N439T,-1.02,-1.14,-1.08,0
N439V,-0.06,-0.03,-0.04,0
N439W,-0.33,-0.82,-0.58,0
N439Y,-1.19,-1.22,-1.2,0
N440A,0.03,-0.01,0.01,1
N440C,-0.16,-0.15,-0.15,0
N440D,-0.03,-0.02,-0.02,0
N440E,0.0,-0.08,-0.04,0
N440F,0.01,-0.07,-0.03,0
N440G,0.02,-0.04,-0.01,0
N440H,0.04,0.01,0.02,1
N440I,-0.09,-0.09,-0.09,0
N440K,0.05,0.09,0.07,1
N440L,-0.04,-0.11,-0.07,0
N440M,0.0,-0.01,0.0,0
N440P,0.06,-0.15,-0.05,0
N440Q,-0.03,-0.12,-0.08,0
N440R,-0.04,-0.02,-0.03,0
N440S,0.02,0.06,0.04,1
N440T,-0.03,-0.01,-0.02,0
N440V,0.02,-0.06,-0.02,0
N440W,-0.14,-0.08,-0.11,0
N440Y,-0.04,-0.1,-0.07,0
L441A,-0.05,-0.18,-0.11,0
L441C,-0.08,-0.29,-0.18,0
L441D,0.0,-0.06,-0.03,0
L441E,-0.05,-0.01,-0.03,0
L441F,-0.04,-0.09,-0.07,0
L441G,-0.25,-0.39,-0.32,0
L441H,-0.13,-0.11,-0.12,0
L441I,0.0,0.04,0.02,1
L441K,-0.03,0.01,-0.01,0
L441M,-0.03,-0.03,-0.03,0
L441N,-0.38,-0.28,-0.33,0
L441P,-0.54,-0.41,-0.48,0
L441Q,-0.04,-0.03,-0.03,0
L441R,-0.06,-0.2,-0.13,0
L441S,-0.63,-0.64,-0.63,0
L441T,-0.79,-0.96,-0.88,0
L441V,0.01,0.06,0.03,1
L441W,0.0,-0.1,-0.05,0
L441Y,-0.09,-0.18,-0.14,0
D442A,-2.66,-2.94,-2.8,0
D442C,-2.35,-2.87,-2.61,0
D442E,-1.18,-1.27,-1.23,0
D442F,-2.55,-2.86,-2.7,0
D442G,-3.64,-3.75,-3.7,0
D442H,-2.48,-2.7,-2.59,0
D442I,-0.6,-0.7,-0.65,0
D442K,-3.8,-4.64,-4.22,0
D442L,-1.47,-1.48,-1.48,0
D442M,-2.34,-2.49,-2.41,0
D442N,-2.75,-2.86,-2.8,0
D442P,-4.5,-4.84,-4.67,0
D442Q,-3.77,-4.5,-4.14,0
D442R,-3.41,-4.8,-4.11,0
D442S,-2.58,-2.7,-2.64,0
D442T,-2.41,-2.44,-2.42,0
D442V,-1.36,-1.48,-1.42,0
D442W,-4.76,-4.84,-4.8,0
D442Y,-2.42,-2.54,-2.48,0
S443A,0.05,-0.6,-0.27,0
S443C,-1.25,-1.46,-1.36,0
S443D,-1.68,-2.44,-2.06,0
S443E,-2.57,-2.47,-2.52,0
S443F,-2.21,-2.36,-2.29,0
S443G,-0.54,-0.6,-0.57,0
S443H,-2.19,-1.75,-1.97,0
S443I,-2.3,-2.43,-2.37,0
S443K,-2.07,-2.18,-2.12,0
S443L,-2.28,-2.46,-2.37,0
S443M,-2.11,-2.21,-2.16,0
S443N,-2.15,-2.22,-2.18,0
S443P,-2.41,-2.51,-2.46,0
S443Q,-2.11,-2.17,-2.14,0
S443R,-2.14,-2.23,-2.18,0
S443T,-1.07,-1.22,-1.14,0
S443V,-1.92,-2.02,-1.97,0
S443W,-2.33,-2.46,-2.39,0
S443Y,-2.07,-2.28,-2.17,0
K444A,0.0,-0.03,-0.01,0
K444C,-0.08,-0.19,-0.14,0
K444D,-0.17,-0.18,-0.18,0
K444E,0.0,-0.14,-0.07,0
K444F,-0.16,-0.1,-0.13,0
K444G,-0.67,-0.84,-0.76,0
K444H,-0.06,-0.05,-0.05,0
K444I,-0.09,-0.1,-0.1,0
K444L,-0.05,-0.14,-0.1,0
K444M,-0.01,-0.08,-0.04,0
K444N,-0.16,-0.09,-0.12,0
K444P,-1.04,-1.23,-1.14,0
K444Q,-0.02,0.04,0.01,1
K444R,-0.08,-0.04,-0.06,0
K444S,-0.08,-0.11,-0.09,0
K444T,-0.05,-0.01,-0.03,0
K444V,-0.08,-0.12,-0.1,0
K444W,0.01,-0.12,-0.05,0
K444Y,-0.12,-0.05,-0.08,0
V445A,-0.03,-0.05,-0.04,0
V445C,-0.74,-0.87,-0.8,0
V445D,-0.18,-0.14,-0.16,0
V445E,-0.2,-0.17,-0.18,0
V445F,-0.08,-0.11,-0.1,0
V445G,-0.24,-0.34,-0.29,0
V445H,-0.02,-0.01,-0.02,0
V445I,-0.2,0.18,-0.01,0
V445K,0.01,0.02,0.02,1
V445L,-0.01,-0.05,-0.03,0
V445M,-0.11,-0.16,-0.14,0
V445N,-0.01,-0.11,-0.06,0
V445P,0.06,0.0,0.03,1
V445Q,0.03,-0.11,-0.04,0
V445R,0.01,-0.03,-0.01,0
V445S,-0.03,-0.16,-0.1,0
V445T,-0.02,-0.02,-0.02,0
V445W,0.05,-0.1,-0.03,0
V445Y,-0.12,-0.17,-0.14,0
G446A,-0.2,-0.31,-0.26,0
G446C,-0.88,-1.07,-0.97,0
G446D,-0.16,-0.25,-0.2,0
G446E,-0.12,-0.11,-0.12,0
G446F,-0.26,-0.36,-0.31,0
G446H,-0.33,-0.24,-0.28,0
G446I,-0.25,-0.28,-0.26,0
G446K,-0.06,-0.13,-0.09,0
G446L,-0.26,-0.31,-0.28,0
G446M,-0.22,-0.23,-0.23,0
G446N,-0.09,-0.13,-0.11,0
G446P,-0.06,-0.46,-0.26,0
G446Q,-0.12,-0.22,-0.17,0
G446R,-0.14,-0.17,-0.16,0
G446S,-0.19,-0.22,-0.2,0
G446T,-0.19,-0.19,-0.19,0
G446V,-0.26,-0.28,-0.27,0
G446W,-0.15,-0.25,-0.2,0
G446Y,-0.3,-0.39,-0.34,0
G447A,-1.11,-1.25,-1.18,0
G447C,-1.76,-1.79,-1.78,0
G447D,-1.65,-1.86,-1.76,0
G447E,-1.58,-1.69,-1.63,0
G447F,-1.6,-1.77,-1.68,0
G447H,-2.1,-1.63,-1.87,0
G447I,-1.54,-1.57,-1.55,0
G447K,-1.55,-1.52,-1.54,0
G447L,-1.47,-1.62,-1.54,0
G447M,-1.44,-1.62,-1.53,0
G447N,-1.45,-1.48,-1.47,0
G447P,-1.82,-1.8,-1.81,0
G447Q,-1.49,-1.69,-1.59,0
G447R,-1.55,-1.59,-1.57,0
G447S,-1.13,-1.35,-1.24,0
G447T,-1.36,-1.44,-1.4,0
G447V,-1.48,-1.56,-1.52,0
G447W,-1.63,-1.86,-1.74,0
G447Y,-1.54,-1.64,-1.59,0
N448A,-0.48,-0.64,-0.56,0
N448C,-0.86,-0.96,-0.91,0
N448D,-0.58,-0.76,-0.67,0
N448E,-0.36,-0.42,-0.39,0
N448F,-1.09,-1.21,-1.15,0
N448G,-0.81,-1.02,-0.91,0
N448H,-0.78,-0.98,-0.88,0
N448I,-1.48,-1.36,-1.42,0
N448K,-1.11,-1.25,-1.18,0
N448L,-1.26,-1.32,-1.29,0
N448M,-0.8,-0.73,-0.77,0
N448P,-1.63,-1.68,-1.65,0
N448Q,-0.35,-0.49,-0.42,0
N448R,-0.98,-1.12,-1.05,0
N448S,-0.85,-0.93,-0.89,0
N448T,-0.69,-0.85,-0.77,0
N448V,-0.84,-0.91,-0.87,0
N448W,-1.26,-1.36,-1.31,0
N448Y,-0.62,-0.74,-0.68,0
Y449A,-1.23,-1.36,-1.3,0
Y449C,-1.66,-1.8,-1.73,0
Y449D,-1.53,-1.58,-1.55,0
Y449E,-1.5,-1.64,-1.57,0
Y449F,-1.01,-1.15,-1.08,0
Y449G,-1.12,-1.45,-1.28,0
Y449H,-1.13,-1.3,-1.22,0
Y449I,-1.35,-1.53,-1.44,0
Y449K,-0.86,-1.1,-0.98,0
Y449L,-1.45,-1.58,-1.51,0
Y449M,-1.33,-1.41,-1.37,0
Y449N,-1.15,-1.29,-1.22,0
Y449P,-1.36,-1.47,-1.41,0
Y449Q,-1.02,-1.41,-1.22,0
Y449R,-0.58,-0.8,-0.69,0
Y449S,-1.17,-1.34,-1.25,0
Y449T,-1.04,-1.29,-1.16,0
Y449V,-1.28,-1.45,-1.36,0
Y449W,-1.38,-1.47,-1.43,0
N450A,-0.04,0.03,0.0,0
N450C,-0.34,-0.32,-0.33,0
N450D,-0.02,-0.02,-0.02,0
N450E,-0.26,0.03,-0.11,0
N450F,-0.13,-0.39,-0.26,0
N450G,0.0,-0.1,-0.05,0
N450H,-0.08,-0.08,-0.08,0
N450I,-0.18,-0.18,-0.18,0
N450K,0.06,0.02,0.04,1
N450L,-0.11,-0.17,-0.14,0
N450M,-0.01,-0.03,-0.02,0
N450P,-1.48,-1.64,-1.56,0
N450Q,0.02,0.03,0.02,1
N450R,-0.04,-0.08,-0.06,0
N450S,-0.06,-0.09,-0.07,0
N450T,-1.02,-1.2,-1.11,0
N450V,-0.22,-0.13,-0.18,0
N450W,-0.17,-0.16,-0.16,0
N450Y,-0.11,-0.15,-0.13,0
Y451A,-0.76,-0.93,-0.84,0
Y451C,-0.62,-0.65,-0.64,0
Y451D,-2.43,-2.65,-2.54,0
Y451E,-1.25,-1.68,-1.46,0
Y451F,-0.04,-0.14,-0.09,0
Y451G,-2.38,-2.35,-2.37,0
Y451H,-0.08,-0.15,-0.11,0
Y451I,-0.41,-0.47,-0.44,0
Y451K,-0.62,-0.77,-0.7,0
Y451L,-0.26,-0.32,-0.29,0
Y451M,-0.28,-0.4,-0.34,0
Y451N,-0.5,-0.66,-0.58,0
Y451P,-1.17,-1.33,-1.25,0
Y451Q,-0.05,-0.2,-0.13,0
Y451R,-1.12,-1.34,-1.23,0
Y451S,-0.75,-0.91,-0.83,0
Y451T,-1.23,-1.24,-1.24,0
Y451V,-0.74,-0.84,-0.79,0
Y451W,-0.78,-0.92,-0.85,0
L452A,0.03,0.08,0.05,1
L452C,-0.09,-0.03,-0.06,0
L452D,-0.12,-0.2,-0.16,0
L452E,0.05,-0.01,0.02,1
L452F,-0.02,0.0,-0.01,0
L452G,-0.02,0.06,0.02,1
L452H,-0.06,0.05,0.0,0
L452I,0.02,-0.02,0.0,0
L452K,0.11,0.08,0.09,1
L452M,0.04,0.07,0.06,1
L452N,0.0,0.01,0.01,1
L452P,-1.28,-1.57,-1.43,0
L452Q,0.1,0.04,0.07,1
L452R,-0.01,0.04,0.02,1
L452S,0.02,0.05,0.03,1
L452T,0.06,0.01,0.03,1
L452V,0.06,-0.01,0.02,1
L452W,-0.05,-0.07,-0.06,0
L452Y,-0.08,-0.06,-0.07,0
Y453A,-0.21,-0.33,-0.27,0
Y453C,-0.28,-0.25,-0.26,0
Y453D,-3.6,-3.38,-3.49,0
Y453E,-1.26,-1.1,-1.18,0
Y453F,0.19,0.31,0.25,1
Y453G,-0.82,-1.01,-0.92,0
Y453H,-0.05,-0.1,-0.07,0
Y453I,-0.43,-0.63,-0.53,0
Y453K,0.01,0.16,0.08,1
Y453L,-0.16,-0.18,-0.17,0
Y453M,-0.02,-0.08,-0.05,0
Y453N,-0.83,-0.81,-0.82,0
Y453P,-4.76,-4.84,-4.8,0
Y453Q,-0.36,-0.39,-0.37,0
Y453R,-0.31,-0.29,-0.3,0
Y453S,-0.14,-0.29,-0.21,0
Y453T,-0.46,-0.64,-0.55,0
Y453V,-0.13,-0.1,-0.11,0
Y453W,-0.1,-0.21,-0.16,0
R454A,-3.1,-2.98,-3.04,0
R454C,-4.76,-4.84,-4.8,0
R454D,-4.76,-4.44,-4.6,0
R454E,-3.95,-4.84,-4.39,0
R454F,-4.56,-4.84,-4.7,0
R454G,-4.64,-4.8,-4.72,0
R454H,-4.76,-4.72,-4.74,0
R454I,-3.95,-4.84,-4.39,0
R454K,-0.92,-1.32,-1.12,0
R454L,-4.67,-4.78,-4.73,0
R454M,-4.29,-4.84,-4.56,0
R454N,-4.38,-3.9,-4.14,0
R454P,-4.76,-4.84,-4.8,0
R454Q,-4.76,-4.84,-4.8,0
R454S,-4.08,-4.56,-4.32,0
R454T,-4.21,-4.61,-4.41,0
R454V,-4.75,-4.79,-4.77,0
R454W,-4.11,-3.7,-3.9,0
R454Y,-4.37,-3.75,-4.06,0
L455A,-0.42,-0.52,-0.47,0
L455C,-0.65,-0.76,-0.71,0
L455D,-2.06,-2.44,-2.25,0
L455E,-2.04,-2.07,-2.05,0
L455F,-0.16,-0.22,-0.19,0
L455G,-0.5,-0.58,-0.54,0
L455H,-0.8,-0.73,-0.76,0
L455I,-0.01,0.0,-0.01,0
L455M,0.04,0.06,0.05,1
L455P,-0.93,-0.97,-0.95,0
L455R,-1.29,-1.91,-1.6,0
L455S,-0.74,-0.82,-0.78,0
L455V,-0.85,-0.61,-0.73,0
L455W,-0.22,-0.32,-0.27,0
L455Y,-1.48,-1.52,-1.5,0
F456A,-2.16,-2.19,-2.17,0
F456C,-1.19,-1.22,-1.2,0
F456D,-4.33,-4.78,-4.55,0
F456E,-2.5,-2.39,-2.45,0
F456G,-2.16,-2.28,-2.22,0
F456H,-0.64,-0.73,-0.69,0
F456I,-1.12,-1.3,-1.21,0
F456K,-0.86,-1.89,-1.38,0
F456L,-0.05,-0.18,-0.11,0
F456M,-0.15,-0.28,-0.22,0
F456N,-2.34,-2.42,-2.38,0
F456P,-2.75,-2.62,-2.69,0
F456Q,-2.07,-2.06,-2.07,0
F456R,-2.11,-2.04,-2.08,0
F456S,-2.4,-2.45,-2.42,0
F456T,-1.54,-1.76,-1.65,0
F456V,-0.58,-0.65,-0.61,0
F456W,-0.91,-1.1,-1.01,0
F456Y,-1.43,-1.56,-1.5,0
R457A,-0.43,-0.46,-0.45,0
R457C,-1.86,-2.42,-2.15,0
R457D,-2.04,-2.26,-2.15,0
R457E,-2.84,-2.72,-2.78,0
R457F,-2.78,-3.32,-3.05,0
R457G,-0.64,-0.66,-0.65,0
R457H,-0.62,-0.7,-0.66,0
R457I,-3.04,-2.6,-2.82,0
R457K,-0.35,-0.29,-0.32,0
R457L,-1.56,-1.75,-1.65,0
R457M,-0.9,-1.15,-1.02,0
R457N,-0.86,-0.96,-0.91,0
R457P,-4.12,-3.82,-3.97,0
R457Q,-1.04,-1.59,-1.32,0
R457S,-0.51,-0.62,-0.56,0
R457T,-1.9,-1.82,-1.86,0
R457V,-3.97,-3.0,-3.49,0
R457W,-4.75,-3.47,-4.11,0
R457Y,-4.41,-2.33,-3.37,0
K458A,0.04,-0.06,-0.01,0
K458C,-0.15,-0.17,-0.16,0
K458D,0.04,0.13,0.09,1
K458E,0.03,0.09,0.06,1
K458F,-0.08,-0.13,-0.11,0
K458G,-0.08,-0.06,-0.07,0
K458H,-0.01,0.02,0.0,0
K458I,-0.16,-0.16,-0.16,0
K458L,-0.11,-0.12,-0.12,0
K458M,-0.02,-0.06,-0.04,0
K458N,-0.21,-0.03,-0.12,0
K458P,-0.01,0.06,0.03,1
K458Q,-0.01,0.01,0.0,0
K458R,-0.01,-0.01,-0.01,0
K458S,-0.04,-0.03,-0.04,0
K458T,-0.02,0.03,0.0,0
K458V,-0.06,-0.06,-0.06,0
K458W,-0.25,-0.23,-0.24,0
K458Y,-0.04,-0.15,-0.09,0
S459A,-0.04,-0.02,-0.03,0
S459C,-0.09,-0.19,-0.14,0
S459D,0.0,0.02,0.01,1
S459E,-0.02,0.04,0.01,1
S459F,-0.06,-0.15,-0.1,0
S459G,0.11,-0.01,0.05,1
S459H,-0.02,-0.03,-0.02,0
S459I,-0.08,-0.11,-0.09,0
S459K,-0.06,0.02,-0.02,0
S459L,-0.19,-0.23,-0.21,0
S459M,-0.11,-0.09,-0.1,0
S459N,0.1,-0.03,0.03,1
S459P,-0.19,-0.26,-0.22,0
S459Q,-0.01,-0.06,-0.03,0
S459R,0.0,-0.02,-0.01,0
S459T,0.01,0.01,0.01,1
S459V,0.03,-0.03,0.0,0
S459W,-0.17,-0.24,-0.21,0
S459Y,-0.07,-0.11,-0.09,0
N460A,0.04,0.02,0.03,1
N460C,-0.06,-0.08,-0.07,0
N460D,-0.06,-0.06,-0.06,0
N460E,0.0,-0.06,-0.03,0
N460F,-0.08,-0.09,-0.09,0
N460G,-0.18,0.01,-0.09,0
N460H,0.05,-0.01,0.02,1
N460I,-0.03,0.06,0.02,1
N460K,0.07,0.1,0.09,1
N460L,-0.04,-0.06,-0.05,0
N460M,0.01,-0.08,-0.04,0
N460P,-0.03,0.01,-0.01,0
N460Q,0.02,0.02,0.02,1
N460R,0.08,0.04,0.06,1
N460S,-0.14,-0.01,-0.08,0
N460T,-0.1,-0.22,-0.16,0
N460V,0.03,0.06,0.05,1
N460W,-0.2,-0.37,-0.29,0
N460Y,-0.02,-0.06,-0.04,0
L461A,-1.01,-0.99,-1.0,0
L461C,-0.64,-0.63,-0.63,0
L461D,-4.76,-4.84,-4.8,0
L461E,-3.99,-4.26,-4.12,0
L461F,-0.84,-0.91,-0.88,0
L461G,-3.67,-3.02,-3.34,0
L461H,-2.78,-1.66,-2.22,0
L461I,0.0,-0.02,-0.01,0
L461K,-3.39,-4.18,-3.78,0
L461M,-0.26,-0.18,-0.22,0
L461N,-0.84,-1.13,-0.98,0
L461P,-2.73,-4.67,-3.7,0
L461Q,-1.14,-3.09,-2.11,0
L461R,-4.76,-4.84,-4.8,0
L461S,-1.31,-1.32,-1.31,0
L461T,-0.73,-0.76,-0.75,0
L461V,-0.06,-0.02,-0.04,0
L461W,-4.76,-4.35,-4.56,0
L461Y,-1.1,-1.17,-1.14,0
K462A,-0.06,-0.07,-0.07,0
K462C,-0.12,-0.1,-0.11,0
K462D,-0.09,-0.06,-0.08,0
K462E,0.02,-0.03,-0.01,0
K462F,-0.08,-0.09,-0.09,0
K462G,-0.06,-0.06,-0.06,0
K462H,0.05,-0.52,-0.24,0
K462I,-0.12,-0.14,-0.13,0
K462L,-0.05,-0.1,-0.07,0
K462M,-0.02,-0.05,-0.04,0
K462N,-0.03,-0.13,-0.08,0
K462P,-0.3,-0.38,-0.34,0
K462Q,-0.03,-0.02,-0.02,0
K462R,-0.09,-0.01,-0.05,0
K462S,-0.12,-0.05,-0.09,0
K462T,-0.06,-0.05,-0.05,0
K462V,-0.1,-0.07,-0.08,0
K462W,-0.21,-0.22,-0.21,0
K462Y,-0.08,-0.08,-0.08,0
P463A,-0.04,-0.09,-0.07,0
P463C,-0.59,-0.54,-0.57,0
P463D,-0.44,-0.49,-0.47,0
P463E,-0.32,-0.32,-0.32,0
P463F,-0.44,-0.62,-0.53,0
P463G,-0.22,-0.19,-0.2,0
P463H,-0.51,-0.56,-0.53,0
P463I,-0.71,-0.76,-0.74,0
P463K,-0.6,-0.66,-0.63,0
P463L,-0.77,-0.92,-0.84,0
P463M,-0.69,-0.74,-0.71,0
P463N,-0.5,-0.57,-0.53,0
P463Q,-0.43,-0.46,-0.44,0
P463R,-0.71,-0.79,-0.75,0
P463S,-0.17,-0.23,-0.2,0
P463T,-0.57,-0.61,-0.59,0
P463V,-0.58,-0.61,-0.6,0
P463W,-0.5,-0.65,-0.57,0
P463Y,-0.51,-0.6,-0.56,0
F464A,-0.1,-0.23,-0.16,0
F464C,-0.26,-0.32,-0.29,0
F464D,-0.32,-0.45,-0.39,0
F464E,-0.3,-0.29,-0.29,0
F464G,-0.02,-0.01,-0.02,0
F464H,-0.12,-0.02,-0.07,0
F464I,-0.68,-0.64,-0.66,0
F464K,-0.5,-0.52,-0.51,0
F464L,-0.12,-0.11,-0.12,0
F464M,-0.05,-0.08,-0.06,0
F464N,-0.08,-0.14,-0.11,0
F464P,-1.94,-2.34,-2.14,0
F464Q,-0.11,-0.14,-0.12,0
F464R,-0.26,-0.2,-0.23,0
F464S,-0.1,-0.25,-0.18,0
F464T,-0.34,-0.37,-0.35,0
F464V,-0.54,-0.6,-0.57,0
F464W,-0.08,-0.13,-0.1,0
F464Y,-0.07,-0.01,-0.04,0
E465A,-0.16,-0.19,-0.18,0
E465C,-0.47,-0.42,-0.44,0
E465D,-0.08,-0.16,-0.12,0
E465F,-0.57,-0.7,-0.64,0
E465G,-0.09,-0.13,-0.11,0
E465H,-0.22,-0.24,-0.23,0
E465I,-0.64,-0.68,-0.66,0
E465K,-0.52,-0.5,-0.51,0
E465L,-0.69,-0.67,-0.68,0
E465M,-0.24,-0.33,-0.29,0
E465N,-0.31,-0.46,-0.39,0
E465P,-4.76,-4.07,-4.41,0
E465Q,-0.03,-0.01,-0.02,0
E465R,-0.64,-0.55,-0.6,0
E465S,-0.25,-0.33,-0.29,0
E465T,-0.04,-0.22,-0.13,0
E465V,-0.4,-0.5,-0.45,0
E465W,-0.68,-0.7,-0.69,0
E465Y,-0.73,-0.57,-0.65,0
R466A,-0.55,-0.66,-0.6,0
R466C,-0.32,-0.45,-0.38,0
R466D,-1.11,-1.31,-1.21,0
R466E,-0.6,-0.88,-0.74,0
R466F,-0.63,-0.84,-0.74,0
R466G,-0.82,-1.12,-0.97,0
R466H,-0.14,-0.25,-0.2,0
R466I,-0.32,-0.38,-0.35,0
R466K,-0.05,-0.02,-0.03,0
R466L,-0.29,-0.42,-0.36,0
R466M,-0.18,-0.33,-0.25,0
R466N,-0.56,-0.7,-0.63,0
R466P,-1.21,-1.32,-1.26,0
R466Q,-0.06,-0.11,-0.08,0
R466S,-0.36,-0.56,-0.46,0
R466T,-0.5,-0.54,-0.52,0
R466V,-0.4,-0.42,-0.41,0
R466W,-0.53,-0.62,-0.58,0
R466Y,-0.55,-0.62,-0.58,0
D467A,-1.15,-1.43,-1.29,0
D467C,-0.73,-0.95,-0.84,0
D467E,-0.62,-0.97,-0.8,0
D467F,-1.12,-1.6,-1.36,0
D467G,-0.81,-2.29,-1.55,0
D467H,-1.09,-1.32,-1.2,0
D467I,-1.64,-1.55,-1.59,0
D467K,-3.21,-4.84,-4.03,0
D467L,-2.58,-2.84,-2.71,0
D467M,-2.39,-2.14,-2.27,0
D467N,-1.01,-1.27,-1.14,0
D467P,-3.97,-3.49,-3.73,0
D467Q,-1.56,-1.65,-1.6,0
D467R,-4.04,-3.85,-3.95,0
D467S,-0.87,-0.97,-0.92,0
D467T,-1.77,-1.49,-1.63,0
D467V,-0.89,-1.3,-1.09,0
D467W,-2.77,-2.56,-2.67,0
D467Y,-1.48,-1.59,-1.54,0
I468A,-0.09,-0.13,-0.11,0
I468C,-0.06,-0.11,-0.09,0
I468D,-0.07,-0.09,-0.08,0
I468E,-0.11,-0.12,-0.11,0
I468F,-0.13,-0.25,-0.19,0
I468G,-0.18,-0.24,-0.21,0
I468H,-0.15,-0.22,-0.18,0
I468K,-0.02,-0.11,-0.06,0
I468L,-0.08,0.0,-0.04,0
I468M,0.0,0.13,0.07,1
I468N,0.01,-0.06,-0.03,0
I468P,-0.16,-0.27,-0.22,0
I468Q,0.1,-0.11,0.0,0
I468R,-0.1,-0.14,-0.12,0
I468S,-0.06,-0.08,-0.07,0
I468T,-0.27,0.0,-0.14,0
I468V,0.0,-0.07,-0.03,0
I468W,-0.28,-0.32,-0.3,0
I468Y,-0.18,-0.24,-0.21,0
S469A,-0.06,-0.07,-0.06,0
S469C,-0.19,-0.24,-0.22,0
S469D,-0.08,0.01,-0.03,0
S469E,-0.06,-0.12,-0.09,0
S469F,-0.61,-0.7,-0.65,0
S469G,-0.05,-0.06,-0.05,0
S469H,-0.14,-0.59,-0.37,0
S469I,-0.58,-0.72,-0.65,0
S469K,-0.08,-0.21,-0.15,0
S469L,-0.43,-0.54,-0.48,0
S469M,-0.27,-0.3,-0.29,0
S469N,-0.07,-0.09,-0.08,0
S469P,-2.58,-2.57,-2.57,0
S469Q,-0.1,-0.07,-0.08,0
S469R,-0.19,-0.1,-0.15,0
S469T,0.0,0.05,0.03,1
S469V,-0.47,-0.56,-0.51,0
S469W,-0.82,-0.8,-0.81,0
S469Y,-0.51,-0.61,-0.56,0
T470A,-0.08,0.0,-0.04,0
T470C,-0.1,-0.03,-0.07,0
T470D,-0.07,-0.08,-0.07,0
T470E,0.04,-0.02,0.01,1
T470F,-0.07,-0.17,-0.12,0
T470G,-0.08,-0.15,-0.12,0
T470H,-0.04,-0.08,-0.06,0
T470I,-0.1,-0.08,-0.09,0
T470K,0.01,-0.05,-0.02,0
T470L,-0.08,-0.09,-0.09,0
T470M,-0.09,-0.05,-0.07,0
T470N,0.01,-0.05,-0.02,0
T470P,-0.22,-0.27,-0.25,0
T470Q,0.06,0.01,0.03,1
T470R,-0.02,-0.03,-0.03,0
T470S,-0.03,-0.01,-0.02,0
T470V,-0.11,-0.07,-0.09,0
T470W,-0.17,-0.24,-0.2,0
T470Y,-0.02,-0.12,-0.07,0
E471A,-0.16,-0.04,-0.1,0
E471C,-0.38,-0.44,-0.41,0
E471D,0.03,-0.01,0.01,1
E471F,0.02,-0.16,-0.07,0
E471G,-0.06,-0.1,-0.08,0
E471H,-0.08,-0.07,-0.07,0
E471I,-0.14,-0.17,-0.15,0
E471K,-0.13,-0.16,-0.15,0
E471L,-0.2,-0.17,-0.18,0
E471M,-0.04,-0.17,-0.11,0
E471N,-0.02,-0.04,-0.03,0
E471P,-0.13,-0.18,-0.16,0
E471Q,-0.05,-0.07,-0.06,0
E471R,-0.13,-0.11,-0.12,0
E471S,-0.03,-0.05,-0.04,0
E471T,-0.12,0.0,-0.06,0
E471V,-0.04,-0.09,-0.06,0
E471W,-0.26,-0.31,-0.28,0
E471Y,-0.13,-0.16,-0.14,0
I472A,-0.63,-0.76,-0.69,0
I472C,-0.92,-0.98,-0.95,0
I472D,-2.08,-2.09,-2.09,0
I472E,-1.36,-1.33,-1.34,0
I472F,-0.22,-0.24,-0.23,0
I472G,-2.16,-2.19,-2.17,0
I472H,-0.38,-0.36,-0.37,0
I472K,-0.98,-1.0,-0.99,0
I472L,-0.08,-0.13,-0.1,0
I472M,0.02,0.02,0.02,1
I472N,-0.99,-1.22,-1.11,0
I472P,-0.42,-0.55,-0.49,0
I472Q,-0.55,-0.64,-0.59,0
I472R,-1.41,-1.44,-1.42,0
I472S,-0.95,-1.13,-1.04,0
I472T,-0.11,-0.26,-0.18,0
I472V,-0.03,-0.73,-0.38,0
I472W,-0.66,-0.76,-0.71,0
I472Y,-0.19,-0.27,-0.23,0
Y473A,-2.11,-2.26,-2.18,0
Y473C,-2.11,-2.08,-2.1,0
Y473D,-2.6,-2.83,-2.72,0
Y473E,-1.82,-1.9,-1.86,0
Y473F,-0.11,-0.21,-0.16,0
Y473G,-2.6,-2.88,-2.74,0
Y473H,-0.14,-0.19,-0.16,0
Y473I,-1.18,-1.27,-1.23,0
Y473K,-2.56,-2.62,-2.59,0
Y473L,-0.59,-0.71,-0.65,0
Y473M,-0.62,-0.7,-0.66,0
Y473N,-2.21,-2.26,-2.23,0
Y473P,-4.76,-4.84,-4.8,0
Y473Q,-1.91,-1.98,-1.95,0
Y473R,-2.52,-2.67,-2.59,0
Y473S,-2.06,-2.19,-2.13,0
Y473T,-1.8,-1.91,-1.85,0
Y473V,-1.14,-1.25,-1.2,0
Y473W,-0.65,-0.98,-0.81,0
Q474A,-0.05,-0.07,-0.06,0
Q474C,-1.09,-1.27,-1.18,0
Q474D,-0.14,-0.12,-0.14,0
Q474E,-0.12,-0.04,-0.08,0
Q474F,-0.99,-0.87,-0.93,0
Q474G,-0.14,-0.12,-0.13,0
Q474H,-0.09,-0.26,-0.18,0
Q474I,-0.44,-0.58,-0.51,0
Q474K,-0.04,-0.19,-0.12,0
Q474L,-0.64,-0.84,-0.74,0
Q474M,-0.16,-0.19,-0.18,0
Q474N,0.0,-0.08,-0.04,0
Q474P,-0.14,-0.18,-0.16,0
Q474R,-0.1,-0.14,-0.12,0
Q474S,-0.16,-0.1,-0.13,0
Q474T,-0.1,-0.22,-0.16,0
Q474V,-0.25,-0.3,-0.28,0
Q474W,-0.42,-0.66,-0.54,0
Q474Y,-0.62,-0.68,-0.65,0
A475C,-0.62,-0.69,-0.66,0
A475D,-1.99,-2.03,-2.01,0
A475E,-0.43,-0.52,-0.48,0
A475F,-1.29,-1.48,-1.38,0
A475G,-0.13,-0.13,-0.13,0
A475H,-2.56,-1.4,-1.98,0
A475I,-0.46,-0.51,-0.48,0
A475K,-0.93,-1.19,-1.06,0
A475L,-1.19,-1.35,-1.27,0
A475M,-0.33,-0.43,-0.38,0
A475N,-1.73,-1.61,-1.67,0
A475P,-1.52,-1.72,-1.62,0
A475Q,-0.75,-0.84,-0.8,0
A475R,-0.77,-0.95,-0.86,0
A475S,-0.08,-0.13,-0.1,0
A475T,-0.35,-0.37,-0.36,0
A475V,-0.11,-0.17,-0.14,0
A475W,-2.21,-2.32,-2.26,0
A475Y,-1.63,-1.75,-1.69,0
G476A,-0.37,-0.15,-0.26,0
G476C,-1.96,-1.82,-1.89,0
G476D,-0.5,-0.58,-0.54,0
G476E,-1.34,-1.36,-1.35,0
G476F,-1.11,-1.33,-1.22,0
G476H,-0.29,-0.48,-0.38,0
G476I,-2.21,-2.42,-2.31,0
G476K,-1.62,-1.73,-1.68,0
G476L,-2.43,-2.59,-2.51,0
G476M,-1.62,-1.72,-1.67,0
G476N,-0.72,-0.95,-0.84,0
G476P,-2.59,-2.52,-2.56,0
G476Q,-1.06,-1.18,-1.12,0
G476R,-1.08,-1.28,-1.18,0
G476S,-0.02,-0.03,-0.02,0
G476T,-0.84,-0.93,-0.89,0
G476V,-1.9,-2.02,-1.96,0
G476W,-0.54,-0.61,-0.57,0
G476Y,-0.96,-1.01,-0.98,0
S477A,-0.05,-0.08,-0.07,0
S477C,-0.44,-0.45,-0.44,0
S477D,0.16,0.02,0.09,1
S477E,-0.09,0.01,-0.04,0
S477F,-0.05,-0.06,-0.05,0
S477G,-0.08,-0.04,-0.06,0
S477H,-0.05,0.0,-0.02,0
S477I,0.0,-0.11,-0.06,0
S477K,0.11,-0.04,0.03,1
S477L,0.02,-0.06,-0.02,0
S477M,-0.07,-0.06,-0.07,0
S477N,0.02,0.09,0.06,1
S477P,0.0,0.12,0.06,1
S477Q,0.0,-0.02,-0.01,0
S477R,-0.01,-0.05,-0.03,0
S477T,0.02,-0.04,-0.01,0
S477V,-0.02,-0.08,-0.05,0
S477W,0.0,0.04,0.02,1
S477Y,-0.04,0.0,-0.02,0
T478A,-0.02,-0.03,-0.03,0
T478C,-0.22,-0.28,-0.25,0
T478D,-0.05,-0.07,-0.06,0
T478E,-0.08,-0.05,-0.07,0
T478F,-0.07,-0.09,-0.08,0
T478G,-0.12,-0.11,-0.12,0
T478H,-0.07,0.04,-0.02,0
T478I,-0.05,-0.02,-0.04,0
T478K,0.03,0.0,0.02,1
T478L,-0.02,-0.14,-0.08,0
T478M,-0.03,0.0,-0.02,0
T478N,-0.06,-0.06,-0.06,0
T478P,-0.29,-0.33,-0.31,0
T478Q,0.04,-0.01,0.01,1
T478R,-0.06,-0.02,-0.04,0
T478S,-0.01,0.0,-0.01,0
T478V,-0.06,-0.06,-0.06,0
T478W,-0.08,-0.12,-0.11,0
T478Y,-0.07,-0.01,-0.04,0
P479A,-0.03,0.0,-0.02,0
P479C,-0.11,-0.23,-0.17,0
P479D,-0.06,0.0,-0.03,0
P479E,0.05,0.0,0.02,1
P479F,-0.11,-0.11,-0.11,0
P479G,-0.04,-0.03,-0.04,0
P479H,-0.05,-0.09,-0.07,0
P479I,-0.1,-0.16,-0.13,0
P479K,-0.05,0.0,-0.03,0
P479L,-0.04,-0.07,-0.06,0
P479M,-0.02,-0.08,-0.05,0
P479N,0.01,-0.11,-0.05,0
P479Q,-0.03,-0.04,-0.03,0
P479R,-0.05,-0.08,-0.06,0
P479S,-0.01,-0.05,-0.03,0
P479T,-0.15,-0.06,-0.1,0
P479V,-0.04,-0.1,-0.07,0
P479W,-0.5,-0.09,-0.29,0
P479Y,-0.06,-0.1,-0.08,0
C480A,-3.6,-3.29,-3.45,0
C480D,-3.01,-3.58,-3.29,0
C480E,-3.65,-3.52,-3.59,0
C480F,-4.11,-3.58,-3.84,0
C480G,-3.41,-3.47,-3.44,0
C480H,-3.76,-3.55,-3.65,0
C480I,-3.65,-3.98,-3.81,0
C480K,-3.66,-3.78,-3.72,0
C480L,-3.75,-3.96,-3.86,0
C480M,-4.13,-3.76,-3.94,0
C480N,-3.46,-3.47,-3.47,0
C480P,-3.6,-3.44,-3.52,0
C480Q,-3.43,-4.18,-3.8,0
C480R,-3.7,-3.42,-3.56,0
C480S,-3.33,-3.42,-3.38,0
C480T,-3.48,-3.5,-3.49,0
C480V,-3.26,-3.44,-3.35,0
C480W,-3.27,-3.98,-3.62,0
C480Y,-3.6,-3.5,-3.55,0
N481A,-0.05,-0.07,-0.06,0
N481C,-0.14,-0.2,-0.17,0
N481D,-0.06,-0.08,-0.07,0
N481E,-0.1,-0.05,-0.08,0
N481F,-0.1,-0.07,-0.08,0
N481G,-0.09,-0.08,-0.08,0
N481H,0.0,-0.04,-0.02,0
N481I,-0.16,-0.22,-0.19,0
N481K,0.03,0.0,0.01,1
N481L,-0.06,-0.04,-0.05,0
N481M,0.04,-0.07,-0.02,0
N481P,-0.22,-0.37,-0.29,0
N481Q,-0.03,-0.05,-0.04,0
N481R,0.02,0.01,0.02,1
N481S,-0.05,-0.03,-0.04,0
N481T,-0.08,-0.14,-0.11,0
N481V,-0.09,-0.16,-0.12,0
N481W,-0.1,-0.08,-0.09,0
N481Y,-0.1,-0.06,-0.08,0
G482A,-0.08,-0.07,-0.08,0
G482C,-0.26,-0.34,-0.3,0
G482D,0.0,-0.04,-0.02,0
G482E,-0.07,0.01,-0.03,0
G482F,-0.22,-0.24,-0.23,0
G482H,0.0,-0.12,-0.06,0
G482I,-0.51,-0.64,-0.57,0
G482K,-0.05,-0.06,-0.06,0
G482L,-0.15,-0.22,-0.19,0
G482M,-0.23,-0.27,-0.25,0
G482N,0.05,-0.09,-0.02,0
G482P,-0.51,-0.55,-0.53,0
G482Q,0.11,-0.02,0.04,1
G482R,-0.08,-0.12,-0.1,0
G482S,-0.04,-0.11,-0.08,0
G482T,-0.21,-0.22,-0.21,0
G482V,-0.41,-0.5,-0.45,0
G482W,-0.29,-0.44,-0.36,0
G482Y,-0.15,-0.26,-0.2,0
V483A,0.0,-0.05,-0.03,0
V483C,-0.07,-0.04,-0.05,0
V483D,0.03,-0.07,-0.02,0
V483E,0.0,-0.06,-0.03,0
V483F,0.04,-0.06,-0.01,0
V483G,-0.01,-0.07,-0.04,0
V483H,0.0,0.0,0.0,0
V483I,-0.01,-0.06,-0.03,0
V483K,0.1,0.01,0.05,1
V483L,0.07,0.06,0.06,1
V483M,0.03,-0.05,-0.01,0
V483N,0.07,-0.01,0.03,1
V483P,-0.49,-0.9,-0.7,0
V483Q,0.03,0.06,0.05,1
V483R,0.03,0.08,0.05,1
V483S,-0.08,-0.08,-0.08,0
V483T,-0.04,-0.3,-0.17,0
V483W,-0.18,-0.15,-0.17,0
V483Y,-0.08,-0.03,-0.05,0
E484A,-0.01,-0.12,-0.07,0
E484C,-0.49,-0.55,-0.52,0
E484D,-0.34,-0.43,-0.38,0
E484F,-1.41,-1.45,-1.43,0
E484G,-0.03,-0.1,-0.06,0
E484H,-0.53,-0.58,-0.55,0
E484I,-0.68,-0.6,-0.64,0
E484K,0.09,0.03,0.06,1
E484L,-0.71,-0.72,-0.71,0
E484M,-0.24,-0.28,-0.26,0
E484N,-0.02,-0.13,-0.08,0
E484P,-0.44,-0.12,-0.28,0
E484Q,0.03,0.03,0.03,1
E484R,0.19,0.11,0.15,1
E484S,-0.05,0.02,-0.02,0
E484T,0.05,0.04,0.05,1
E484V,-0.63,-0.68,-0.65,0
E484W,-0.71,-0.84,-0.78,0
E484Y,-1.46,-1.57,-1.51,0
G485A,-0.22,-0.16,-0.19,0
G485C,-0.63,-0.55,-0.59,0
G485D,-0.54,-0.61,-0.58,0
G485E,-0.42,-0.43,-0.43,0
G485F,-0.71,-0.89,-0.8,0
G485H,-0.37,-0.52,-0.45,0
G485I,-0.63,-0.7,-0.66,0
G485K,0.05,-0.09,-0.02,0
G485L,-0.59,-0.68,-0.64,0
G485M,-0.27,-0.29,-0.28,0
G485N,-0.33,-0.52,-0.43,0
G485P,-1.55,-1.51,-1.53,0
G485Q,-0.15,-0.07,-0.11,0
G485R,-0.14,-0.23,-0.18,0
G485S,-0.18,-0.22,-0.2,0
G485T,-0.17,-0.26,-0.22,0
G485V,-0.64,-0.7,-0.67,0
G485W,-0.53,-0.62,-0.57,0
G485Y,-0.63,-0.77,-0.7,0
F486A,-0.3,-0.38,-0.34,0
F486C,-1.16,-1.24,-1.2,0
F486D,-1.7,-1.68,-1.69,0
F486E,-1.64,-1.61,-1.63,0
F486G,-0.85,-0.68,-0.77,0
F486H,-0.43,-0.4,-0.42,0
F486I,-0.35,-0.42,-0.38,0
F486K,-0.58,-0.66,-0.62,0
F486L,-0.41,-0.54,-0.47,0
F486M,-0.49,-0.57,-0.53,0
F486N,-0.74,-0.9,-0.82,0
F486P,-0.1,-0.27,-0.18,0
F486Q,-0.65,-0.79,-0.72,0
F486R,-0.34,-0.43,-0.38,0
F486S,-0.56,-0.7,-0.63,0
F486T,-0.72,-0.71,-0.71,0
F486V,-0.35,-0.5,-0.43,0
F486W,-0.17,-0.29,-0.23,0
F486Y,-0.29,-0.39,-0.34,0
N487A,-1.67,-1.8,-1.74,0
N487C,-2.31,-2.5,-2.41,0
N487D,-1.01,-1.16,-1.08,0
N487E,-2.07,-2.06,-2.06,0
N487F,-2.23,-2.35,-2.29,0
N487G,-1.53,-1.66,-1.59,0
N487H,-1.83,-1.92,-1.87,0
N487I,-2.78,-2.77,-2.77,0
N487K,-2.21,-2.38,-2.3,0
N487L,-2.15,-2.25,-2.2,0
N487M,-2.1,-2.13,-2.12,0
N487P,-2.63,-2.64,-2.64,0
N487Q,-2.34,-1.85,-2.09,0
N487R,-2.24,-2.36,-2.3,0
N487S,-1.49,-1.54,-1.51,0
N487T,-1.83,-2.03,-1.93,0
N487V,-2.49,-2.45,-2.47,0
N487W,-2.28,-2.5,-2.39,0
N487Y,-2.37,-2.22,-2.3,0
C488A,-2.97,-2.97,-2.97,0
C488D,-4.3,-4.77,-4.54,0
C488E,-3.59,-3.54,-3.57,0
C488F,-4.66,-4.84,-4.75,0
C488G,-4.76,-3.84,-4.3,0
C488H,-3.55,-3.67,-3.61,0
C488I,-4.76,-4.82,-4.79,0
C488K,-2.96,-2.9,-2.93,0
C488L,-4.26,-4.43,-4.34,0
C488M,-3.6,-3.63,-3.61,0
C488N,-3.04,-3.15,-3.09,0
C488P,-4.72,-4.84,-4.78,0
C488Q,-2.89,-2.78,-2.84,0
C488R,-2.83,-2.86,-2.84,0
C488S,-2.72,-2.96,-2.84,0
C488T,-3.27,-3.4,-3.34,0
C488V,-4.63,-4.46,-4.55,0
C488W,-4.44,-4.79,-4.61,0
C488Y,-4.53,-4.84,-4.69,0
Y489A,-2.37,-2.56,-2.46,0
Y489C,-2.76,-3.73,-3.24,0
Y489D,-3.42,-3.31,-3.37,0
Y489E,-4.09,-3.87,-3.98,0
Y489F,-0.94,-0.95,-0.95,0
Y489G,-4.26,-4.37,-4.32,0
Y489H,-0.61,-0.72,-0.66,0
Y489I,-2.13,-2.31,-2.22,0
Y489K,-4.51,-4.16,-4.33,0
Y489L,-2.25,-2.15,-2.2,0
Y489M,-1.93,-2.02,-1.98,0
Y489N,-2.42,-2.71,-2.57,0
Y489P,-2.18,-2.34,-2.26,0
Y489Q,-2.17,-2.23,-2.2,0
Y489R,-3.73,-3.86,-3.79,0
Y489S,-4.76,-4.84,-4.8,0
Y489T,-4.6,-4.62,-4.61,0
Y489V,-2.08,-2.22,-2.15,0
Y489W,-0.63,-0.74,-0.68,0
F490A,0.01,0.05,0.03,1
F490C,-0.1,-0.12,-0.11,0
F490D,-0.04,-0.11,-0.08,0
F490E,-0.11,-0.12,-0.12,0
F490G,-0.03,-0.13,-0.08,0
F490H,-0.04,-0.06,-0.05,0
F490I,-0.14,-0.18,-0.16,0
F490K,0.1,0.08,0.09,1
F490L,-0.04,-0.17,-0.11,0
F490M,-0.02,-0.04,-0.03,0
F490N,0.04,0.0,0.02,1
F490P,-0.04,-0.14,-0.09,0
F490Q,-0.01,-0.04,-0.02,0
F490R,-0.03,0.04,0.01,1
F490S,0.02,-0.02,0.0,0
F490T,0.03,-0.12,-0.04,0
F490V,-0.05,-0.11,-0.08,0
F490W,-0.06,-0.04,-0.05,0
F490Y,0.07,0.06,0.06,1
P491A,-0.4,-0.51,-0.45,0
P491C,-1.46,-1.44,-1.45,0
P491D,-2.23,-2.46,-2.34,0
P491E,-0.68,-0.74,-0.71,0
P491F,-4.76,-4.74,-4.75,0
P491G,-0.82,-1.04,-0.93,0
P491H,-4.27,-3.26,-3.76,0
P491I,-3.71,-4.26,-3.99,0
P491K,-4.73,-4.05,-4.39,0
P491L,-4.71,-4.59,-4.65,0
P491M,-2.09,-1.96,-2.02,0
P491N,-1.94,-2.16,-2.05,0
P491Q,-1.39,-1.29,-1.34,0
P491R,-4.76,-4.84,-4.8,0
P491S,-0.49,-0.65,-0.57,0
P491T,-1.5,-1.66,-1.58,0
P491V,-1.62,-1.93,-1.77,0
P491W,-4.15,-4.84,-4.49,0
P491Y,-4.76,-4.84,-4.8,0
L492A,-3.65,-4.47,-4.06,0
L492C,-0.8,-0.74,-0.77,0
L492D,-4.76,-3.55,-4.15,0
L492E,-3.0,-3.16,-3.08,0
L492F,-0.45,-0.58,-0.52,0
L492G,-3.97,-4.37,-4.17,0
L492H,-1.15,-1.35,-1.25,0
L492I,0.03,0.02,0.03,1
L492K,-1.44,-1.6,-1.52,0
L492M,-0.16,-0.38,-0.27,0
L492N,-1.14,-1.27,-1.21,0
L492P,-4.72,-4.84,-4.78,0
L492Q,-1.13,-1.25,-1.19,0
L492R,-1.25,-1.16,-1.21,0
L492S,-3.35,-3.29,-3.32,0
L492T,-0.76,-0.79,-0.78,0
L492V,-0.14,-0.2,-0.17,0
L492W,-1.84,-1.96,-1.9,0
L492Y,-1.0,-1.32,-1.16,0
Q493A,0.0,0.26,0.13,1
Q493C,-0.03,-0.02,-0.03,0
Q493D,-1.5,-1.63,-1.57,0
Q493E,-0.56,-0.57,-0.56,0
Q493F,0.0,0.13,0.06,1
Q493G,-0.06,0.07,0.01,1
Q493H,0.0,-0.02,-0.01,0
Q493I,-0.09,-0.07,-0.08,0
Q493K,0.03,0.07,0.05,1
Q493L,0.06,0.05,0.05,1
Q493M,0.0,0.35,0.18,1
Q493N,-0.21,-0.21,-0.21,0
Q493P,-0.76,-0.68,-0.72,0
Q493R,-0.08,-0.11,-0.09,0
Q493S,-0.37,0.0,-0.18,0
Q493T,-0.15,-0.01,-0.08,0
Q493V,0.08,0.01,0.05,1
Q493W,-0.09,-0.18,-0.14,0
Q493Y,0.01,0.22,0.12,1
S494A,0.06,0.0,0.03,1
S494C,-0.11,-0.1,-0.11,0
S494D,-0.96,-1.23,-1.1,0
S494E,-0.2,0.06,-0.07,0
S494F,-0.13,-0.26,-0.19,0
S494G,-0.29,-0.38,-0.34,0
S494H,0.03,0.09,0.06,1
S494I,-0.52,-0.77,-0.64,0
S494K,0.1,0.01,0.05,1
S494L,-0.27,-0.43,-0.35,0
S494M,0.0,-0.06,-0.03,0
S494N,0.01,-0.05,-0.02,0
S494P,-0.05,0.06,0.0,0
S494Q,-0.01,-0.01,-0.01,0
S494R,-0.02,0.12,0.05,1
S494T,-0.08,0.06,-0.01,0
S494V,-0.23,-0.19,-0.21,0
S494W,-0.25,-0.25,-0.25,0
S494Y,-0.12,-0.08,-0.1,0
Y495A,-2.26,-2.45,-2.35,0
Y495C,-2.22,-2.44,-2.33,0
Y495D,-2.69,-2.52,-2.61,0
Y495E,-2.55,-2.66,-2.6,0
Y495F,-0.51,-0.48,-0.5,0
Y495G,-3.87,-3.98,-3.93,0
Y495H,-0.97,-1.24,-1.1,0
Y495I,-1.4,-1.67,-1.54,0
Y495K,-2.19,-2.1,-2.14,0
Y495L,-1.62,-1.68,-1.65,0
Y495M,-0.76,-0.97,-0.87,0
Y495N,-1.36,-1.5,-1.43,0
Y495P,-2.79,-2.54,-2.67,0
Y495Q,-1.98,-1.97,-1.98,0
Y495R,-1.45,-1.73,-1.59,0
Y495S,-2.35,-2.52,-2.43,0
Y495T,-2.05,-2.24,-2.14,0
Y495V,-1.82,-2.0,-1.91,0
Y495W,-0.81,-0.84,-0.82,0
G496A,-0.44,-0.61,-0.53,0
G496C,-1.4,-1.44,-1.42,0
G496D,-2.17,-2.26,-2.21,0
G496E,-2.32,-2.34,-2.33,0
G496F,-2.06,-2.17,-2.12,0
G496H,-1.48,-1.56,-1.52,0
G496I,-1.44,-1.58,-1.51,0
G496K,-1.58,-1.71,-1.65,0
G496L,-1.68,-1.71,-1.7,0
G496M,-1.56,-1.68,-1.62,0
G496N,-0.32,-0.38,-0.35,0
G496P,-1.92,-2.29,-2.1,0
G496Q,-1.63,-1.54,-1.58,0
G496R,-1.59,-1.67,-1.63,0
G496S,-0.56,-0.7,-0.63,0
G496T,-1.38,-1.55,-1.46,0
G496V,-0.97,-1.13,-1.05,0
G496W,-1.51,-1.75,-1.63,0
G496Y,-1.96,-2.05,-2.0,0
F497A,-4.76,-4.84,-4.8,0
F497C,-4.73,-4.84,-4.78,0
F497D,-4.42,-4.84,-4.63,0
F497E,-4.76,-4.84,-4.8,0
F497G,-2.84,-4.84,-3.84,0
F497H,-2.87,-3.27,-3.07,0
F497I,-4.76,-4.84,-4.8,0
F497K,-4.76,-4.84,-4.8,0
F497L,-2.0,-2.09,-2.05,0
F497M,-2.32,-2.38,-2.35,0
F497N,-4.34,-4.5,-4.42,0
F497P,-4.76,-4.84,-4.8,0
F497Q,-4.66,-4.84,-4.75,0
F497R,-4.76,-4.84,-4.8,0
F497S,-4.76,-4.84,-4.8,0
F497T,-4.76,-4.84,-4.8,0
F497V,-4.64,-4.82,-4.73,0
F497W,-1.73,-1.89,-1.81,0
F497Y,-0.55,-0.62,-0.59,0
Q498A,-0.01,-0.08,-0.05,0
Q498C,-1.23,-1.59,-1.41,0
Q498D,-1.24,-1.29,-1.27,0
Q498E,-0.92,-1.04,-0.98,0
Q498F,0.17,0.12,0.15,1
Q498G,-0.58,-0.64,-0.61,0
Q498H,0.3,0.31,0.3,1
Q498I,-1.43,-1.53,-1.48,0
Q498K,-2.2,-2.32,-2.26,0
Q498L,-1.5,-1.65,-1.58,0
Q498M,-0.42,-0.6,-0.51,0
Q498N,-0.45,-0.55,-0.5,0
Q498P,-2.74,-3.54,-3.14,0
Q498R,-0.06,-0.07,-0.06,0
Q498S,-0.15,-0.19,-0.17,0
Q498T,-0.67,-0.66,-0.67,0
Q498V,-1.2,-1.29,-1.24,0
Q498W,0.0,0.14,0.07,1
Q498Y,0.01,0.3,0.16,1
P499A,-0.44,-0.51,-0.47,0
P499C,-1.01,-1.14,-1.07,0
P499D,-0.86,-0.98,-0.92,0
P499E,-0.99,-1.21,-1.1,0
P499F,-0.35,-0.46,-0.41,0
P499G,-0.91,-1.13,-1.02,0
P499H,-0.32,-0.62,-0.47,0
P499I,-0.39,-0.53,-0.46,0
P499K,-0.06,-0.18,-0.12,0
P499L,-0.34,-0.38,-0.36,0
P499M,-0.43,-0.49,-0.46,0
P499N,-0.36,-0.37,-0.37,0
P499Q,-0.52,-0.66,-0.59,0
P499R,-0.11,-0.16,-0.14,0
P499S,-0.18,-0.28,-0.23,0
P499T,-0.11,-0.19,-0.15,0
P499V,-0.27,-0.46,-0.37,0
P499W,-0.97,-1.01,-0.99,0
P499Y,-0.34,-0.4,-0.36,0
T500A,-0.54,-0.58,-0.56,0
T500C,-1.48,-1.72,-1.6,0
T500D,-1.95,-2.03,-1.99,0
T500E,-1.27,-1.01,-1.14,0
T500F,-0.92,-1.05,-0.98,0
T500G,-0.84,-1.02,-0.93,0
T500H,-0.84,-0.93,-0.88,0
T500I,-2.27,-2.32,-2.3,0
T500K,-0.8,-0.8,-0.8,0
T500L,-1.44,-1.59,-1.52,0
T500M,-0.69,-0.8,-0.75,0
T500N,-1.12,-1.28,-1.2,0
T500P,-1.01,-1.24,-1.12,0
T500Q,-0.42,-0.46,-0.44,0
T500R,-1.08,-1.16,-1.12,0
T500S,-0.32,-0.33,-0.32,0
T500V,-1.79,-1.99,-1.89,0
T500W,-0.34,-0.52,-0.43,0
T500Y,-0.87,-1.07,-0.97,0
N501A,-0.02,-0.1,-0.06,0
N501C,-0.6,-0.57,-0.58,0
N501D,-2.4,-2.44,-2.42,0
N501E,-0.61,-0.97,-0.79,0
N501F,0.22,0.36,0.29,1
N501G,-0.88,-1.0,-0.94,0
N501H,0.08,-0.09,0.0,0
N501I,0.0,-0.17,-0.08,0
N501K,-2.79,-2.78,-2.79,0
N501L,-1.08,-1.21,-1.15,0
N501M,0.0,0.01,0.0,0
N501P,-1.82,-2.08,-1.95,0
N501Q,-0.09,-0.04,-0.06,0
N501R,-2.05,-2.11,-2.08,0
N501S,-0.16,-0.1,-0.13,0
N501T,-0.14,0.33,0.1,1
N501V,0.12,0.17,0.15,1
N501W,0.22,0.01,0.11,1
N501Y,0.09,0.38,0.24,1
G502A,-2.73,-2.86,-2.8,0
G502C,-3.03,-3.18,-3.11,0
G502D,-4.29,-4.03,-4.16,0
G502E,-4.51,-4.84,-4.67,0
G502F,-4.76,-4.84,-4.8,0
G502H,-4.76,-4.17,-4.47,0
G502I,-4.48,-4.84,-4.66,0
G502K,-4.76,-3.55,-4.16,0
G502L,-4.76,-4.84,-4.8,0
G502M,-4.76,-4.84,-4.8,0
G502N,-4.29,-4.48,-4.38,0
G502P,-4.26,-4.84,-4.55,0
G502Q,-4.76,-4.6,-4.68,0
G502R,-4.76,-4.84,-4.8,0
G502S,-2.63,-2.76,-2.7,0
G502T,-4.76,-4.84,-4.8,0
G502V,-4.76,-4.84,-4.8,0
G502W,-4.76,-4.84,-4.8,0
G502Y,-4.76,-4.84,-4.8,0
V503A,-0.01,-0.1,-0.06,0
V503C,0.03,-0.15,-0.06,0
V503D,-0.04,-0.1,-0.07,0
V503E,-0.09,-0.3,-0.2,0
V503F,0.06,-0.07,-0.01,0
V503G,-0.17,-0.16,-0.16,0
V503H,-0.09,-0.04,-0.07,0
V503I,0.07,0.03,0.05,1
V503K,0.08,0.11,0.1,1
V503L,0.08,-0.01,0.03,1
V503M,0.08,0.12,0.1,1
V503N,-0.04,-0.12,-0.08,0
V503P,-0.82,-0.94,-0.88,0
V503Q,-0.07,0.06,-0.01,0
V503R,0.04,-0.02,0.01,1
V503S,-0.61,-0.67,-0.64,0
V503T,-1.08,-1.08,-1.08,0
V503W,-0.09,-0.1,-0.09,0
V503Y,0.0,-0.02,-0.01,0
G504A,-0.13,-0.23,-0.18,0
G504C,-0.88,-0.92,-0.9,0
G504D,-0.21,-0.34,-0.27,0
G504E,-0.62,-0.67,-0.64,0
G504F,-0.48,-0.55,-0.51,0
G504H,-0.49,-0.48,-0.49,0
G504I,-1.71,-1.62,-1.67,0
G504K,-0.38,-0.46,-0.42,0
G504L,-0.48,-0.54,-0.51,0
G504M,-0.36,-0.36,-0.36,0
G504N,-0.13,-0.14,-0.13,0
G504P,-0.24,-0.36,-0.3,0
G504Q,-0.38,-0.45,-0.42,0
G504R,-0.34,-0.43,-0.38,0
G504S,-0.13,-0.26,-0.2,0
G504T,-0.38,-0.52,-0.45,0
G504V,-1.29,-1.53,-1.41,0
G504W,-0.43,-0.5,-0.47,0
G504Y,-0.45,-0.55,-0.5,0
Y505C,-2.33,-2.4,-2.36,0
Y505D,-3.16,-2.97,-3.07,0
Y505E,-3.08,-3.26,-3.17,0
Y505F,-0.15,-0.14,-0.15,0
Y505G,-4.6,-4.7,-4.65,0
Y505H,-0.67,-0.76,-0.71,0
Y505I,-2.98,-3.4,-3.19,0
Y505K,-2.53,-2.9,-2.71,0
Y505L,-2.42,-2.61,-2.51,0
Y505M,-2.23,-2.41,-2.32,0
Y505N,-1.85,-2.15,-2.0,0
Y505P,-3.98,-4.21,-4.09,0
Y505Q,-2.23,-2.36,-2.29,0
Y505R,-2.46,-2.47,-2.47,0
Y505S,-2.35,-2.39,-2.37,0
Y505T,-3.46,-3.46,-3.46,0
Y505V,-2.46,-2.46,-2.46,0
Y505W,0.12,0.14,0.13,1
Q506A,-1.42,-1.48,-1.45,0
Q506C,-2.1,-2.04,-2.07,0
Q506D,-2.53,-2.75,-2.64,0
Q506E,-2.19,-2.21,-2.2,0
Q506F,-2.66,-2.9,-2.78,0
Q506G,-2.28,-2.46,-2.37,0
Q506H,-0.74,-0.93,-0.84,0
Q506I,-2.5,-2.55,-2.53,0
Q506K,-1.36,-1.55,-1.46,0
Q506L,-1.38,-1.55,-1.46,0
Q506M,-0.53,-0.61,-0.57,0
Q506N,-0.25,-0.31,-0.28,0
Q506P,-4.75,-4.84,-4.8,0
Q506R,-1.53,-1.72,-1.62,0
Q506S,-1.49,-1.64,-1.57,0
Q506T,-2.18,-2.4,-2.29,0
Q506V,-2.25,-2.4,-2.32,0
Q506W,-2.24,-2.35,-2.29,0
Q506Y,-2.81,-2.91,-2.86,0
P507A,-0.68,-0.82,-0.75,0
P507C,-1.98,-2.63,-2.31,0
P507D,-4.32,-3.94,-4.13,0
P507E,-4.76,-4.84,-4.8,0
P507F,-4.76,-4.84,-4.8,0
P507G,-3.13,-3.01,-3.07,0
P507H,-4.28,-4.54,-4.41,0
P507I,-4.52,-4.84,-4.68,0
P507K,-4.76,-4.84,-4.8,0
P507L,-4.76,-4.84,-4.8,0
P507M,-4.69,-4.17,-4.43,0
P507N,-4.76,-4.84,-4.8,0
P507Q,-4.76,-4.45,-4.61,0
P507R,-4.76,-4.84,-4.8,0
P507S,-1.21,-1.38,-1.29,0
P507T,-4.33,-4.58,-4.45,0
P507V,-4.12,-4.51,-4.31,0
P507W,-4.76,-4.47,-4.61,0
P507Y,-4.76,-4.84,-4.8,0
Y508A,-0.39,-0.42,-0.4,0
Y508C,-0.35,-0.32,-0.33,0
Y508D,-3.92,-2.25,-3.08,0
Y508E,-1.02,-1.25,-1.14,0
Y508F,0.0,0.04,0.02,1
Y508G,-4.76,-4.64,-4.7,0
Y508H,0.1,0.05,0.07,1
Y508I,-0.56,-0.58,-0.57,0
Y508K,-1.1,-1.36,-1.23,0
Y508L,-0.48,-0.56,-0.52,0
Y508M,-0.18,-0.19,-0.18,0
Y508N,-0.17,-0.2,-0.19,0
Y508P,-4.76,-4.61,-4.68,0
Y508Q,-0.32,-0.44,-0.38,0
Y508R,-0.72,-0.82,-0.77,0
Y508S,-0.39,-0.41,-0.4,0
Y508T,-0.26,-0.28,-0.27,0
Y508V,-0.19,-0.3,-0.25,0
Y508W,-0.12,-0.23,-0.17,0
R509A,-3.72,-4.58,-4.15,0
R509C,-3.37,-4.03,-3.7,0
R509D,-4.76,-4.84,-4.8,0
R509E,-4.76,-4.84,-4.8,0
R509F,-4.46,-4.84,-4.65,0
R509G,-4.76,-4.84,-4.8,0
R509H,-0.76,-1.23,-1.0,0
R509I,-3.68,-3.84,-3.76,0
R509K,-1.03,-1.19,-1.11,0
R509L,-4.64,-4.84,-4.74,0
R509M,-4.71,-4.78,-4.74,0
R509N,-4.73,-4.67,-4.7,0
R509P,-4.61,-4.84,-4.72,0
R509Q,-3.29,-3.13,-3.21,0
R509S,-3.76,-3.24,-3.5,0
R509T,-1.68,-2.44,-2.06,0
R509V,-2.43,-2.55,-2.49,0
R509W,-4.76,-4.84,-4.8,0
R509Y,-4.76,-4.84,-4.8,0
V510A,-0.75,-0.9,-0.83,0
V510C,-0.16,-0.12,-0.14,0
V510D,-4.76,-4.84,-4.8,0
V510E,-4.35,-2.87,-3.61,0
V510F,-1.62,-1.92,-1.77,0
V510G,-4.76,-4.84,-4.8,0
V510H,-3.63,-4.13,-3.88,0
V510I,-0.13,-0.2,-0.16,0
V510K,-4.76,-4.37,-4.56,0
V510L,-0.58,-0.63,-0.6,0
V510M,-0.5,-0.57,-0.53,0
V510N,-4.16,-4.84,-4.5,0
V510P,-4.21,-4.84,-4.53,0
V510Q,-4.36,-4.84,-4.6,0
V510R,-3.95,-4.84,-4.39,0
V510S,-4.0,-4.84,-4.42,0
V510T,-0.44,-0.51,-0.47,0
V510W,-4.76,-3.94,-4.35,0
V510Y,-4.76,-4.45,-4.6,0
V511A,-0.74,-0.82,-0.78,0
V511C,-0.67,-0.64,-0.65,0
V511D,-4.25,-4.67,-4.46,0
V511E,-4.12,-3.96,-4.04,0
V511F,-1.84,-1.76,-1.8,0
V511G,-4.76,-4.84,-4.8,0
V511H,-3.46,-3.18,-3.32,0
V511I,-0.34,-0.46,-0.4,0
V511K,-4.76,-4.84,-4.8,0
V511L,-0.74,-0.92,-0.83,0
V511M,-0.84,-0.87,-0.85,0
V511N,-4.12,-3.51,-3.81,0
V511P,-4.34,-4.04,-4.19,0
V511Q,-4.02,-1.96,-2.99,0
V511R,-4.76,-4.84,-4.8,0
V511S,-3.6,-3.24,-3.42,0
V511T,-0.8,-0.99,-0.89,0
V511W,-2.13,-4.28,-3.2,0
V511Y,-2.69,-1.84,-2.27,0
V512A,-0.65,-0.79,-0.72,0
V512C,-0.65,-0.67,-0.66,0
V512D,-1.72,-1.47,-1.6,0
V512E,-4.24,-3.87,-4.06,0
V512F,-4.74,-4.84,-4.79,0
V512G,-4.76,-4.58,-4.67,0
V512H,-4.33,-4.16,-4.24,0
V512I,-0.22,-0.22,-0.22,0
V512K,-3.82,-4.84,-4.33,0
V512L,-4.3,-3.64,-3.97,0
V512M,-4.76,-3.92,-4.34,0
V512N,-4.76,-4.0,-4.38,0
V512P,-3.35,-4.02,-3.68,0
V512Q,-4.45,-3.82,-4.14,0
V512R,-4.76,-4.84,-4.8,0
V512S,-1.12,-1.33,-1.23,0
V512T,-0.72,-0.7,-0.71,0
V512W,-3.77,-4.84,-4.31,0
V512Y,-4.07,-4.22,-4.15,0
L513A,-3.46,-2.82,-3.14,0
L513C,-1.61,-2.27,-1.94,0
L513D,-1.62,-4.69,-3.15,0
L513E,-0.42,-4.62,-2.52,0
L513F,-0.22,-0.45,-0.34,0
L513G,-4.76,-4.84,-4.8,0
L513H,-4.58,-2.64,-3.61,0
L513I,-0.11,-0.15,-0.13,0
L513K,-1.4,-3.62,-2.51,0
L513M,-0.12,-0.22,-0.17,0
L513N,-4.76,-4.33,-4.54,0
L513P,-4.76,-4.75,-4.76,0
L513Q,-4.76,-4.84,-4.8,0
L513R,-4.36,-4.84,-4.6,0
L513S,-3.41,-4.84,-4.12,0
L513T,-1.79,-2.0,-1.9,0
L513V,-0.4,-0.5,-0.45,0
L513W,-2.59,-1.32,-1.95,0
L513Y,-1.73,-1.83,-1.78,0
S514A,-0.07,-0.11,-0.09,0
S514C,-0.14,-0.1,-0.12,0
S514D,-0.47,-0.46,-0.47,0
S514E,-0.31,-0.45,-0.38,0
S514F,-0.24,-0.22,-0.23,0
S514G,-0.04,-0.08,-0.06,0
S514H,0.04,-0.05,-0.01,0
S514I,0.08,-0.1,-0.01,0
S514K,-0.11,-0.11,-0.11,0
S514L,-0.23,-0.21,-0.22,0
S514M,-0.09,-0.24,-0.17,0
S514N,-0.07,-0.05,-0.06,0
S514P,-2.87,-2.18,-2.52,0
S514Q,-0.09,-0.1,-0.1,0
S514R,-0.16,-0.3,-0.23,0
S514T,0.02,0.0,0.01,1
S514V,0.02,-0.07,-0.03,0
S514W,-0.06,0.02,-0.02,0
S514Y,-0.07,-0.16,-0.12,0
F515A,-0.84,-0.46,-0.65,0
F515C,-0.76,-0.97,-0.86,0
F515D,-2.97,-2.88,-2.93,0
F515E,-1.85,-0.33,-1.09,0
F515G,-0.18,-0.6,-0.39,0
F515H,-0.7,-0.7,-0.7,0
F515I,-0.39,-0.36,-0.38,0
F515K,-1.48,-1.44,-1.46,0
F515L,-0.12,-0.21,-0.17,0
F515M,-0.03,-0.07,-0.05,0
F515N,-2.0,-1.78,-1.89,0
F515P,-0.84,-0.95,-0.9,0
F515Q,-0.3,-0.35,-0.32,0
F515R,-1.22,-1.45,-1.34,0
F515S,-0.96,-1.22,-1.09,0
F515T,-0.64,-0.83,-0.74,0
F515V,-0.42,-0.42,-0.42,0
F515W,-0.41,-0.18,-0.29,0
F515Y,-0.21,-0.23,-0.22,0
E516A,-0.24,-0.26,-0.25,0
E516C,-0.35,-0.38,-0.36,0
E516D,-0.02,-0.02,-0.02,0
E516F,-0.4,-0.52,-0.46,0
E516G,-0.13,-0.18,-0.15,0
E516H,-0.04,-0.13,-0.08,0
E516I,-0.31,-0.42,-0.36,0
E516K,-0.22,-0.08,-0.15,0
E516L,-0.5,-0.58,-0.54,0
E516M,-0.24,-0.39,-0.32,0
E516N,-0.01,-0.12,-0.06,0
E516P,-0.22,-0.25,-0.24,0
E516Q,-0.03,-0.06,-0.05,0
E516R,-0.1,-0.12,-0.11,0
E516S,-0.15,-0.12,-0.13,0
E516T,-0.07,-0.18,-0.13,0
E516V,-0.28,-0.28,-0.28,0
E516W,-0.04,-0.12,-0.08,0
E516Y,-0.31,-0.29,-0.3,0
L517A,-0.15,-0.01,-0.08,0
L517C,-0.03,-0.04,-0.03,0
L517D,-0.01,-0.02,-0.02,0
L517E,-0.11,-0.03,-0.07,0
L517F,-0.01,-0.03,-0.02,0
L517H,-0.01,-0.09,-0.05,0
L517I,-0.11,-0.04,-0.07,0
L517K,0.01,0.08,0.04,1
L517M,0.25,0.0,0.13,1
L517N,0.0,-0.08,-0.04,0
L517P,-0.06,-0.22,-0.14,0
L517Q,-0.01,-0.02,-0.01,0
L517R,0.05,0.06,0.06,1
L517S,0.0,0.0,0.0,0
L517T,-0.02,0.01,0.0,0
L517V,0.0,-0.04,-0.02,0
L517W,-0.08,-0.14,-0.11,0
L517Y,0.01,-0.02,-0.01,0
L518A,0.08,0.0,0.04,1
L518D,0.0,0.07,0.04,1
L518E,0.0,0.01,0.0,0
L518F,-0.06,-0.06,-0.06,0
L518G,0.0,0.01,0.0,0
L518H,0.02,-0.09,-0.03,0
L518I,0.04,-0.03,0.0,0
L518K,0.0,0.01,0.0,0
L518M,0.1,-0.1,0.0,0
L518N,0.05,0.01,0.03,1
L518P,-0.11,-0.07,-0.09,0
L518Q,0.01,-0.01,0.0,0
L518R,-0.02,-0.2,-0.11,0
L518S,0.16,0.02,0.09,1
L518T,0.0,0.01,0.0,0
L518V,0.02,-0.01,0.01,1
L518W,-0.06,-0.06,-0.06,0
L518Y,-0.02,-0.03,-0.02,0
H519A,0.0,0.04,0.02,1
H519C,-0.07,-0.18,-0.13,0
H519F,-0.02,-0.11,-0.06,0
H519G,0.0,0.01,0.0,0
H519I,-0.16,-0.1,-0.13,0
H519K,0.0,-0.02,-0.01,0
H519L,0.02,-0.14,-0.06,0
H519M,-1.11,-0.08,-0.6,0
H519N,0.04,0.05,0.05,1
H519P,0.04,-0.01,0.02,1
H519Q,0.0,0.0,0.0,0
H519R,-0.06,-0.05,-0.06,0
H519S,0.04,0.06,0.05,1
H519T,-0.02,0.05,0.02,1
H519V,-0.02,0.04,0.01,1
H519W,0.05,-0.18,-0.07,0
H519Y,-0.04,-0.06,-0.05,0
A520C,-0.11,-0.28,-0.2,0
A520D,0.03,-0.07,-0.02,0
A520E,0.02,0.04,0.03,1
A520F,-0.04,-0.08,-0.06,0
A520G,-0.03,0.14,0.05,1
A520H,0.0,0.02,0.01,1
A520I,-0.09,-0.24,-0.16,0
A520K,0.0,-0.05,-0.02,0
A520L,-0.06,-0.01,-0.03,0
A520M,-0.02,-0.08,-0.05,0
A520N,-0.06,-0.04,-0.05,0
A520P,0.0,0.03,0.02,1
A520Q,-0.05,0.01,-0.02,0
A520R,-0.02,-0.05,-0.03,0
A520S,-0.04,-0.04,-0.04,0
A520T,-0.02,0.02,0.0,0
A520V,-0.06,-0.1,-0.08,0
A520W,-0.29,-0.13,-0.21,0
A520Y,-0.02,-0.01,-0.02,0
P521C,-0.04,-0.18,-0.11,0
P521D,0.0,0.0,0.0,0
P521E,0.0,0.0,0.0,0
P521F,-0.15,-0.15,-0.15,0
P521G,0.04,0.01,0.02,1
P521H,-0.04,0.03,0.0,0
P521I,-0.16,-0.24,-0.2,0
P521K,-0.06,-0.09,-0.08,0
P521L,-0.12,-0.27,-0.2,0
P521M,-0.07,-0.09,-0.08,0
P521N,0.0,-0.12,-0.06,0
P521R,0.02,-0.04,-0.01,0
P521S,-0.02,0.1,0.04,1
P521T,-0.04,-0.02,-0.03,0
P521V,0.0,-0.12,-0.06,0
P521W,-0.26,-0.89,-0.57,0
P521Y,-0.13,-0.12,-0.12,0
A522C,-0.07,-0.06,-0.07,0
A522D,-0.06,-0.03,-0.04,0
A522E,0.0,-0.02,-0.01,0
A522F,0.0,0.0,0.0,0
A522G,0.0,0.0,0.0,0
A522H,0.05,0.02,0.03,1
A522I,-0.02,0.0,-0.01,0
A522K,-0.01,0.03,0.01,1
A522L,0.0,-0.11,-0.05,0
A522M,-0.03,0.05,0.01,1
A522N,0.0,0.0,0.0,0
A522P,0.09,-0.01,0.04,1
A522Q,-0.07,-0.02,-0.04,0
A522R,0.0,-0.05,-0.02,0
A522S,-0.02,-0.04,-0.03,0
A522T,0.05,-0.01,0.02,1
A522V,0.03,-0.09,-0.03,0
A522W,0.0,-0.03,-0.02,0
A522Y,0.0,0.01,0.0,0
T523A,-0.01,-0.05,-0.03,0
T523I,-0.09,-0.08,-0.09,0
T523N,0.0,-0.03,-0.02,0
T523R,0.0,-0.01,0.0,0
T523S,0.0,-0.04,-0.02,0
T523Y,-0.01,-0.01,-0.01,0
V524A,-0.06,-0.08,-0.07,0
V524G,-0.01,-0.03,-0.02,0
V524I,-0.06,-0.05,-0.06,0
V524L,-0.01,-0.02,-0.01,0
V524P,-2.62,0.01,-1.31,0
C525A,-0.11,-0.04,-0.07,0
C525D,-0.05,-0.06,-0.05,0
C525F,0.06,-0.09,-0.02,0
C525G,-0.46,-0.03,-0.25,0
C525H,-0.3,-0.67,-0.49,0
C525I,-0.05,-0.05,-0.05,0
C525K,-0.08,-0.05,-0.07,0
C525L,-0.06,-0.08,-0.07,0
C525M,-0.06,0.01,-0.03,0
C525N,-0.02,-0.02,-0.02,0
C525P,-1.54,-0.15,-0.84,0
C525Q,-0.7,0.01,-0.35,0
C525R,-0.05,-0.12,-0.08,0
C525S,-0.04,-0.05,-0.04,0
C525T,-0.08,-0.08,-0.08,0
C525V,-0.05,-0.07,-0.06,0
C525W,-0.05,-0.16,-0.11,0
C525Y,-0.03,-0.02,-0.02,0
G526A,-0.09,-0.02,-0.06,0
G526C,-0.11,-0.11,-0.11,0
G526D,-0.02,-0.14,-0.08,0
G526E,0.03,-0.04,-0.01,0
G526F,-0.09,-0.02,-0.06,0
G526I,-0.12,-0.13,-0.12,0
G526K,0.0,0.0,0.0,0
G526L,-0.05,-0.21,-0.13,0
G526M,0.19,-0.15,0.02,1
G526N,-0.06,-0.15,-0.1,0
G526P,0.0,-0.02,-0.01,0
G526Q,-0.08,-0.06,-0.07,0
G526R,-0.08,-0.08,-0.08,0
G526S,0.0,-0.05,-0.02,0
G526T,0.05,-0.04,0.01,1
G526V,-0.07,-0.02,-0.04,0
G526W,-0.08,-0.07,-0.08,0
P527A,-0.03,0.07,0.02,1
P527C,0.0,0.01,0.0,0
P527D,0.05,-0.04,0.01,1
P527E,0.0,0.04,0.02,1
P527F,-0.06,0.09,0.02,1
P527G,0.07,-0.02,0.02,1
P527H,-0.08,0.05,-0.01,0
P527I,0.02,0.01,0.01,1
P527K,0.04,0.06,0.05,1
P527L,0.02,0.07,0.04,1
P527M,0.13,0.08,0.11,1
P527N,0.02,0.01,0.01,1
P527Q,0.04,0.1,0.07,1
P527R,0.03,0.04,0.03,1
P527S,0.03,0.04,0.03,1
P527T,0.02,0.01,0.02,1
P527V,0.06,0.02,0.04,1
P527W,-0.27,-0.12,-0.2,0
P527Y,-0.02,0.07,0.03,1
K528A,0.02,-0.06,-0.02,0
K528C,0.02,-0.04,-0.01,0
K528D,0.0,0.0,0.0,0
K528E,-0.01,-0.03,-0.02,0
K528F,0.1,0.11,0.11,1
K528G,-0.01,0.02,0.0,0
K528H,-0.01,-0.01,-0.01,0
K528I,-0.05,-0.08,-0.06,0
K528L,-0.01,0.0,0.0,0
K528M,0.01,0.0,0.01,1
K528N,0.02,0.03,0.02,1
K528P,-0.29,-0.04,-0.16,0
K528Q,-0.03,0.04,0.0,0
K528R,0.04,-0.07,-0.01,0
K528S,-0.03,0.02,-0.01,0
K528T,-0.01,-0.02,-0.02,0
K528V,0.0,0.02,0.01,1
K528W,-0.02,-0.02,-0.02,0
K528Y,-0.02,-0.1,-0.06,0
K529A,0.0,0.0,0.0,0
K529C,0.0,0.02,0.01,1
K529D,-0.03,0.08,0.03,1
K529E,-0.08,-0.04,-0.06,0
K529F,0.04,0.02,0.03,1
K529G,0.08,-0.02,0.03,1
K529H,-0.01,-0.03,-0.02,0
K529I,0.0,0.02,0.01,1
K529L,-0.02,0.0,-0.01,0
K529M,0.05,0.02,0.03,1
K529N,-0.09,-0.08,-0.08,0
K529P,0.04,-0.01,0.01,1
K529Q,0.0,0.04,0.02,1
K529R,-0.16,-0.03,-0.1,0
K529S,-0.03,0.04,0.01,1
K529T,-0.03,-0.05,-0.04,0
K529V,0.05,0.09,0.07,1
K529W,-0.02,0.01,0.0,0
K529Y,0.0,0.01,0.0,0
S530A,-0.01,0.0,0.0,0
S530C,-0.01,-0.02,-0.01,0
S530D,0.0,-0.02,-0.01,0
S530E,0.06,0.04,0.05,1
S530F,0.02,0.05,0.04,1
S530G,-0.16,0.04,-0.06,0
S530H,0.0,0.0,0.0,0
S530I,0.05,0.0,0.02,1
S530K,-0.02,-0.01,-0.02,0
S530L,0.03,0.01,0.02,1
S530M,0.09,0.01,0.05,1
S530N,-0.02,0.18,0.08,1
S530P,0.09,-0.05,0.02,1
S530Q,-0.02,-0.05,-0.04,0
S530R,-0.05,-0.06,-0.05,0
S530T,0.0,-0.02,-0.01,0
S530V,0.05,-0.02,0.01,1
S530W,0.01,-0.02,-0.01,0
S530Y,0.02,0.01,0.02,1
T531A,-0.01,0.01,0.0,0
T531C,-0.01,-0.04,-0.03,0
T531D,-0.02,0.01,-0.01,0
T531E,0.02,0.0,0.01,1
T531F,-0.01,-0.11,-0.06,0
T531G,0.01,0.0,0.01,1
T531H,0.03,0.01,0.02,1
T531I,0.0,-0.03,-0.01,0
T531K,-0.02,-0.01,-0.01,0
T531L,0.02,0.0,0.01,1
T531M,-0.01,-0.02,-0.01,0
T531N,0.0,-0.01,-0.01,0
T531P,-0.02,0.04,0.01,1
T531Q,0.03,-0.05,-0.01,0
T531R,0.03,-0.04,-0.01,0
T531S,0.02,0.0,0.01,1
T531V,0.03,-0.02,0.01,1
T531W,0.02,-0.06,-0.02,0
T531Y,0.0,-0.03,-0.01,0
